sigungu_cd,bjdong_cd,sido,sigungu,gu,dong,full_nm,categories
11650,10900,서울특별시,서초구,,내곡동,서울특별시 서초구 내곡동,연구개발
11650,10700,서울특별시,서초구,,반포동,서울특별시 서초구 반포동,연구개발
11650,10100,서울특별시,서초구,,방배동,서울특별시 서초구 방배동,연구개발
11650,10800,서울특별시,서초구,,서초동,서울특별시 서초구 서초동,연구개발
11650,11100,서울특별시,서초구,,신원동,서울특별시 서초구 신원동,연구개발
11650,10200,서울특별시,서초구,,양재동,서울특별시 서초구 양재동,연구개발
11650,11000,서울특별시,서초구,,염곡동,서울특별시 서초구 염곡동,연구개발
11650,10300,서울특별시,서초구,,우면동,서울특별시 서초구 우면동,연구개발
11650,10400,서울특별시,서초구,,원지동,서울특별시 서초구 원지동,연구개발
11650,10600,서울특별시,서초구,,잠원동,서울특별시 서초구 잠원동,연구개발
11680,10300,서울특별시,강남구,,개포동,서울특별시 강남구 개포동,연구개발
11680,10800,서울특별시,강남구,,논현동,서울특별시 강남구 논현동,연구개발
11680,10600,서울특별시,강남구,,대치동,서울특별시 강남구 대치동,연구개발
11680,11800,서울특별시,강남구,,도곡동,서울특별시 강남구 도곡동,연구개발
11680,10500,서울특별시,강남구,,삼성동,서울특별시 강남구 삼성동,연구개발
11680,11100,서울특별시,강남구,,세곡동,서울특별시 강남구 세곡동,연구개발
11680,11500,서울특별시,강남구,,수서동,서울특별시 강남구 수서동,연구개발
11680,10700,서울특별시,강남구,,신사동,서울특별시 강남구 신사동,연구개발
11680,11000,서울특별시,강남구,,압구정동,서울특별시 강남구 압구정동,연구개발
11680,10100,서울특별시,강남구,,역삼동,서울특별시 강남구 역삼동,연구개발
11680,11300,서울특별시,강남구,,율현동,서울특별시 강남구 율현동,연구개발
11680,11400,서울특별시,강남구,,일원동,서울특별시 강남구 일원동,연구개발
11680,11200,서울특별시,강남구,,자곡동,서울특별시 강남구 자곡동,연구개발
11680,10400,서울특별시,강남구,,청담동,서울특별시 강남구 청담동,연구개발
26380,10800,부산광역시,사하구,,감천동,부산광역시 사하구 감천동,일반제조
26380,10100,부산광역시,사하구,,괴정동,부산광역시 사하구 괴정동,일반제조
26380,10700,부산광역시,사하구,,구평동,부산광역시 사하구 구평동,일반제조
26380,10600,부산광역시,사하구,,다대동,부산광역시 사하구 다대동,일반제조
26380,10200,부산광역시,사하구,,당리동,부산광역시 사하구 당리동,일반제조
26380,10400,부산광역시,사하구,,신평동,부산광역시 사하구 신평동,일반제조
26380,10500,부산광역시,사하구,,장림동,부산광역시 사하구 장림동,일반제조
26380,10300,부산광역시,사하구,,하단동,부산광역시 사하구 하단동,일반제조
26440,10300,부산광역시,강서구,,강동동,부산광역시 강서구 강동동,일반제조
26440,11300,부산광역시,강서구,,구랑동,부산광역시 강서구 구랑동,일반제조
26440,11100,부산광역시,강서구,,녹산동,부산광역시 강서구 녹산동,일반제조
26440,12000,부산광역시,강서구,,눌차동,부산광역시 강서구 눌차동,일반제조
26440,10100,부산광역시,강서구,,대저1동,부산광역시 강서구 대저1동,일반제조
26440,10200,부산광역시,강서구,,대저2동,부산광역시 강서구 대저2동,일반제조
26440,12200,부산광역시,강서구,,대항동,부산광역시 강서구 대항동,일반제조
26440,11800,부산광역시,강서구,,동선동,부산광역시 강서구 동선동,일반제조
26440,10400,부산광역시,강서구,,명지동,부산광역시 강서구 명지동,일반제조
26440,11500,부산광역시,강서구,,미음동,부산광역시 강서구 미음동,일반제조
26440,11600,부산광역시,강서구,,범방동,부산광역시 강서구 범방동,일반제조
26440,10800,부산광역시,강서구,,봉림동,부산광역시 강서구 봉림동,일반제조
26440,11200,부산광역시,강서구,,생곡동,부산광역시 강서구 생곡동,일반제조
26440,11900,부산광역시,강서구,,성북동,부산광역시 강서구 성북동,일반제조
26440,10900,부산광역시,강서구,,송정동,부산광역시 강서구 송정동,일반제조
26530,10500,부산광역시,사상구,,감전동,부산광역시 사상구 감전동,일반제조
26530,10400,부산광역시,사상구,,괘법동,부산광역시 사상구 괘법동,일반제조
26530,10300,부산광역시,사상구,,덕포동,부산광역시 사상구 덕포동,일반제조
26530,10200,부산광역시,사상구,,모라동,부산광역시 사상구 모라동,일반제조
26530,10100,부산광역시,사상구,,삼락동,부산광역시 사상구 삼락동,일반제조
26530,10800,부산광역시,사상구,,엄궁동,부산광역시 사상구 엄궁동,일반제조
26530,10600,부산광역시,사상구,,주례동,부산광역시 사상구 주례동,일반제조
26530,10700,부산광역시,사상구,,학장동,부산광역시 사상구 학장동,일반제조
26710,25000,부산광역시,기장군,,기장읍,부산광역시 기장군 기장읍,일반제조
26710,25300,부산광역시,기장군,,장안읍,부산광역시 기장군 장안읍,일반제조
26710,25600,부산광역시,기장군,,정관읍,부산광역시 기장군 정관읍,일반제조
26710,25900,부산광역시,기장군,,일광읍,부산광역시 기장군 일광읍,일반제조
26710,33000,부산광역시,기장군,,철마면,부산광역시 기장군 철마면,일반제조
26710,25030,부산광역시,기장군,,기장읍 만화리,부산광역시 기장군 기장읍 만화리,일반제조
26710,25930,부산광역시,기장군,,일광읍 원리,부산광역시 기장군 일광읍 원리,일반제조
26710,25330,부산광역시,기장군,,장안읍 월내리,부산광역시 기장군 장안읍 월내리,일반제조
26710,25630,부산광역시,기장군,,정관읍 예림리,부산광역시 기장군 정관읍 예림리,일반제조
26710,33030,부산광역시,기장군,,철마면 안평리,부산광역시 기장군 철마면 안평리,일반제조
27290,10600,대구광역시,달서구,,갈산동,대구광역시 달서구 갈산동,일반제조
27290,11300,대구광역시,달서구,,감삼동,대구광역시 달서구 감삼동,일반제조
27290,12300,대구광역시,달서구,,대곡동,대구광역시 달서구 대곡동,일반제조
27290,11900,대구광역시,달서구,,대천동,대구광역시 달서구 대천동,일반제조
27290,11600,대구광역시,달서구,,도원동,대구광역시 달서구 도원동,일반제조
27290,10200,대구광역시,달서구,,두류동,대구광역시 달서구 두류동,일반제조
27290,12400,대구광역시,달서구,,본동,대구광역시 달서구 본동,일반제조
27290,11400,대구광역시,달서구,,본리동,대구광역시 달서구 본리동,일반제조
27290,11500,대구광역시,달서구,,상인동,대구광역시 달서구 상인동,일반제조
27290,10100,대구광역시,달서구,,성당동,대구광역시 달서구 성당동,일반제조
27290,12200,대구광역시,달서구,,송현동,대구광역시 달서구 송현동,일반제조
27290,10700,대구광역시,달서구,,신당동,대구광역시 달서구 신당동,일반제조
27290,11100,대구광역시,달서구,,용산동,대구광역시 달서구 용산동,일반제조
27290,12000,대구광역시,달서구,,월성동,대구광역시 달서구 월성동,일반제조
27290,12100,대구광역시,달서구,,월암동,대구광역시 달서구 월암동,일반제조
27710,25000,대구광역시,달성군,,화원읍,대구광역시 달성군 화원읍,일반제조
27710,25300,대구광역시,달성군,,논공읍,대구광역시 달성군 논공읍,일반제조|제약_바이오
27710,25600,대구광역시,달성군,,다사읍,대구광역시 달성군 다사읍,일반제조
27710,25900,대구광역시,달성군,,유가읍,대구광역시 달성군 유가읍,일반제조
27710,26200,대구광역시,달성군,,옥포읍,대구광역시 달성군 옥포읍,일반제조
27710,26500,대구광역시,달성군,,현풍읍,대구광역시 달성군 현풍읍,일반제조
27710,31000,대구광역시,달성군,,가창면,대구광역시 달성군 가창면,일반제조
27710,33000,대구광역시,달성군,,하빈면,대구광역시 달성군 하빈면,일반제조
27710,38000,대구광역시,달성군,,구지면,대구광역시 달성군 구지면,일반제조
27710,31030,대구광역시,달성군,,가창면 옥분리,대구광역시 달성군 가창면 옥분리,일반제조
27710,38030,대구광역시,달성군,,구지면 내리,대구광역시 달성군 구지면 내리,일반제조
27710,25630,대구광역시,달성군,,다사읍 문양리,대구광역시 달성군 다사읍 문양리,일반제조
27710,25930,대구광역시,달성군,,유가읍 도의리,대구광역시 달성군 유가읍 도의리,일반제조
27710,26530,대구광역시,달성군,,현풍읍 대리,대구광역시 달성군 현풍읍 대리,일반제조
28185,10500,인천광역시,연수구,,동춘동,인천광역시 연수구 동춘동,제약_바이오
28185,10200,인천광역시,연수구,,선학동,인천광역시 연수구 선학동,제약_바이오
28185,10600,인천광역시,연수구,,송도동,인천광역시 연수구 송도동,제약_바이오
28185,10300,인천광역시,연수구,,연수동,인천광역시 연수구 연수동,제약_바이오
28185,10100,인천광역시,연수구,,옥련동,인천광역시 연수구 옥련동,제약_바이오
28185,10400,인천광역시,연수구,,청학동,인천광역시 연수구 청학동,제약_바이오
29200,13100,광주광역시,광산구,,고룡동,광주광역시 광산구 고룡동,이차전지
29200,13500,광주광역시,광산구,,광산동,광주광역시 광산구 광산동,이차전지
29200,16700,광주광역시,광산구,,남산동,광주광역시 광산구 남산동,이차전지
29200,16200,광주광역시,광산구,,내산동,광주광역시 광산구 내산동,이차전지
29200,16300,광주광역시,광산구,,대산동,광주광역시 광산구 대산동,이차전지
29200,17600,광주광역시,광산구,,덕림동,광주광역시 광산구 덕림동,이차전지
29200,15600,광주광역시,광산구,,도덕동,광주광역시 광산구 도덕동,이차전지
29200,10200,광주광역시,광산구,,도산동,광주광역시 광산구 도산동,이차전지
29200,11300,광주광역시,광산구,,도천동,광주광역시 광산구 도천동,이차전지
29200,10300,광주광역시,광산구,,도호동,광주광역시 광산구 도호동,이차전지
29200,17800,광주광역시,광산구,,동림동,광주광역시 광산구 동림동,이차전지
29200,15400,광주광역시,광산구,,동산동,광주광역시 광산구 동산동,이차전지
29200,17500,광주광역시,광산구,,동호동,광주광역시 광산구 동호동,이차전지
29200,13300,광주광역시,광산구,,두정동,광주광역시 광산구 두정동,이차전지
29200,12900,광주광역시,광산구,,등임동,광주광역시 광산구 등임동,이차전지
29200,17400,광주광역시,광산구,,명도동,광주광역시 광산구 명도동,이차전지
29200,15300,광주광역시,광산구,,명화동,광주광역시 광산구 명화동,이차전지
29200,11100,광주광역시,광산구,,박호동,광주광역시 광산구 박호동,이차전지
29200,14300,광주광역시,광산구,,복룡동,광주광역시 광산구 복룡동,이차전지
29200,14000,광주광역시,광산구,,본덕동,광주광역시 광산구 본덕동,이차전지
29200,17300,광주광역시,광산구,,북산동,광주광역시 광산구 북산동,이차전지
29200,11200,광주광역시,광산구,,비아동,광주광역시 광산구 비아동,이차전지
29200,13700,광주광역시,광산구,,사호동,광주광역시 광산구 사호동,이차전지
29200,13000,광주광역시,광산구,,산막동,광주광역시 광산구 산막동,이차전지
29200,16900,광주광역시,광산구,,산수동,광주광역시 광산구 산수동,이차전지
30200,12600,대전광역시,유성구,,가정동,대전광역시 유성구 가정동,제약_바이오
30200,11800,대전광역시,유성구,,갑동,대전광역시 유성구 갑동,제약_바이오
30200,10600,대전광역시,유성구,,계산동,대전광역시 유성구 계산동,제약_바이오
30200,14600,대전광역시,유성구,,관평동,대전광역시 유성구 관평동,제약_바이오
30200,10200,대전광역시,유성구,,교촌동,대전광역시 유성구 교촌동,제약_바이오
30200,15300,대전광역시,유성구,,구룡동,대전광역시 유성구 구룡동,제약_바이오
30200,12400,대전광역시,유성구,,구성동,대전광역시 유성구 구성동,제약_바이오
30200,11200,대전광역시,유성구,,구암동,대전광역시 유성구 구암동,제약_바이오
30200,12200,대전광역시,유성구,,궁동,대전광역시 유성구 궁동,제약_바이오
30200,14800,대전광역시,유성구,,금고동,대전광역시 유성구 금고동,제약_바이오
30200,15000,대전광역시,유성구,,금탄동,대전광역시 유성구 금탄동,제약_바이오
30200,11900,대전광역시,유성구,,노은동,대전광역시 유성구 노은동,제약_바이오
30200,14900,대전광역시,유성구,,대동,대전광역시 유성구 대동,제약_바이오
30200,10300,대전광역시,유성구,,대정동,대전광역시 유성구 대정동,제약_바이오
30200,11300,대전광역시,유성구,,덕명동,대전광역시 유성구 덕명동,제약_바이오
31110,10700,울산광역시,중구,,교동,울산광역시 중구 교동,일반제조
31110,11500,울산광역시,중구,,남외동,울산광역시 중구 남외동,일반제조
31110,11200,울산광역시,중구,,다운동,울산광역시 중구 다운동,일반제조
31110,11300,울산광역시,중구,,동동,울산광역시 중구 동동,일반제조
31110,11800,울산광역시,중구,,반구동,울산광역시 중구 반구동,일반제조
31110,10300,울산광역시,중구,,복산동,울산광역시 중구 복산동,일반제조
31110,10400,울산광역시,중구,,북정동,울산광역시 중구 북정동,일반제조
31110,11400,울산광역시,중구,,서동,울산광역시 중구 서동,일반제조
31110,10600,울산광역시,중구,,성남동,울산광역시 중구 성남동,일반제조
31110,10900,울산광역시,중구,,성안동,울산광역시 중구 성안동,일반제조
31110,11700,울산광역시,중구,,약사동,울산광역시 중구 약사동,일반제조
31110,10500,울산광역시,중구,,옥교동,울산광역시 중구 옥교동,일반제조
31110,10800,울산광역시,중구,,우정동,울산광역시 중구 우정동,일반제조
31110,11000,울산광역시,중구,,유곡동,울산광역시 중구 유곡동,일반제조
31110,11600,울산광역시,중구,,장현동,울산광역시 중구 장현동,일반제조
31140,11200,울산광역시,남구,,고사동,울산광역시 남구 고사동,일반제조
31140,11600,울산광역시,남구,,남화동,울산광역시 남구 남화동,일반제조
31140,10500,울산광역시,남구,,달동,울산광역시 남구 달동,일반제조
31140,10300,울산광역시,남구,,두왕동,울산광역시 남구 두왕동,일반제조
31140,11900,울산광역시,남구,,매암동,울산광역시 남구 매암동,일반제조
31140,10100,울산광역시,남구,,무거동,울산광역시 남구 무거동,일반제조
31140,11100,울산광역시,남구,,부곡동,울산광역시 남구 부곡동,일반제조
31140,10600,울산광역시,남구,,삼산동,울산광역시 남구 삼산동,일반제조
31140,11000,울산광역시,남구,,상개동,울산광역시 남구 상개동,일반제조
31140,10900,울산광역시,남구,,선암동,울산광역시 남구 선암동,일반제조
31140,11300,울산광역시,남구,,성암동,울산광역시 남구 성암동,일반제조
31140,10400,울산광역시,남구,,신정동,울산광역시 남구 신정동,일반제조
31140,10800,울산광역시,남구,,야음동,울산광역시 남구 야음동,일반제조
31140,10700,울산광역시,남구,,여천동,울산광역시 남구 여천동,일반제조
31140,10200,울산광역시,남구,,옥동,울산광역시 남구 옥동,일반제조
31170,10700,울산광역시,동구,,동부동,울산광역시 동구 동부동,일반제조
31170,10500,울산광역시,동구,,미포동,울산광역시 동구 미포동,일반제조
31170,10100,울산광역시,동구,,방어동,울산광역시 동구 방어동,일반제조
31170,10800,울산광역시,동구,,서부동,울산광역시 동구 서부동,일반제조
31170,10300,울산광역시,동구,,일산동,울산광역시 동구 일산동,일반제조
31170,10400,울산광역시,동구,,전하동,울산광역시 동구 전하동,일반제조
31170,10600,울산광역시,동구,,주전동,울산광역시 동구 주전동,일반제조
31170,10200,울산광역시,동구,,화정동,울산광역시 동구 화정동,일반제조
31200,10400,울산광역시,북구,,가대동,울산광역시 북구 가대동,일반제조
31200,11200,울산광역시,북구,,구유동,울산광역시 북구 구유동,일반제조
31200,10900,울산광역시,북구,,달천동,울산광역시 북구 달천동,일반제조
31200,11600,울산광역시,북구,,당사동,울산광역시 북구 당사동,일반제조
31200,11500,울산광역시,북구,,대안동,울산광역시 북구 대안동,일반제조
31200,10300,울산광역시,북구,,매곡동,울산광역시 북구 매곡동,일반제조
31200,12000,울산광역시,북구,,명촌동,울산광역시 북구 명촌동,일반제조
31200,11100,울산광역시,북구,,무룡동,울산광역시 북구 무룡동,일반제조
31200,11800,울산광역시,북구,,산하동,울산광역시 북구 산하동,일반제조
31200,10700,울산광역시,북구,,상안동,울산광역시 북구 상안동,일반제조
31200,12600,울산광역시,북구,,송정동,울산광역시 북구 송정동,일반제조
31200,11000,울산광역시,북구,,시례동,울산광역시 북구 시례동,일반제조
31200,11400,울산광역시,북구,,신명동,울산광역시 북구 신명동,일반제조
31200,10500,울산광역시,북구,,신천동,울산광역시 북구 신천동,일반제조
31200,11700,울산광역시,북구,,신현동,울산광역시 북구 신현동,일반제조
31710,25000,울산광역시,울주군,,온산읍,울산광역시 울주군 온산읍,이차전지|제약_바이오
31710,25300,울산광역시,울주군,,언양읍,울산광역시 울주군 언양읍,이차전지
31710,25600,울산광역시,울주군,,온양읍,울산광역시 울주군 온양읍,이차전지
31710,25900,울산광역시,울주군,,범서읍,울산광역시 울주군 범서읍,이차전지
31710,26200,울산광역시,울주군,,청량읍,울산광역시 울주군 청량읍,이차전지
31710,26500,울산광역시,울주군,,삼남읍,울산광역시 울주군 삼남읍,이차전지
31710,31000,울산광역시,울주군,,서생면,울산광역시 울주군 서생면,이차전지
31710,34000,울산광역시,울주군,,웅촌면,울산광역시 울주군 웅촌면,이차전지
31710,36000,울산광역시,울주군,,두동면,울산광역시 울주군 두동면,이차전지
31710,37000,울산광역시,울주군,,두서면,울산광역시 울주군 두서면,이차전지
31710,38000,울산광역시,울주군,,상북면,울산광역시 울주군 상북면,이차전지
31710,40000,울산광역시,울주군,,삼동면,울산광역시 울주군 삼동면,이차전지
31710,25930,울산광역시,울주군,,범서읍 척과리,울산광역시 울주군 범서읍 척과리,이차전지
31710,38030,울산광역시,울주군,,상북면 궁근정리,울산광역시 울주군 상북면 궁근정리,이차전지
31710,31030,울산광역시,울주군,,서생면 위양리,울산광역시 울주군 서생면 위양리,이차전지
31710,25330,울산광역시,울주군,,언양읍 동부리,울산광역시 울주군 언양읍 동부리,이차전지
31710,25030,울산광역시,울주군,,온산읍 이진리,울산광역시 울주군 온산읍 이진리,이차전지
31710,25630,울산광역시,울주군,,온양읍 고산리,울산광역시 울주군 온양읍 고산리,이차전지
41111,13800,경기도,수원시,장안구,상광교동,경기도 수원시 장안구 상광교동,반도체_디스플레이
41111,13500,경기도,수원시,장안구,송죽동,경기도 수원시 장안구 송죽동,반도체_디스플레이
41111,13700,경기도,수원시,장안구,연무동,경기도 수원시 장안구 연무동,반도체_디스플레이
41111,13400,경기도,수원시,장안구,영화동,경기도 수원시 장안구 영화동,반도체_디스플레이
41111,13200,경기도,수원시,장안구,율전동,경기도 수원시 장안구 율전동,반도체_디스플레이
41111,13100,경기도,수원시,장안구,이목동,경기도 수원시 장안구 이목동,반도체_디스플레이
41111,13000,경기도,수원시,장안구,정자동,경기도 수원시 장안구 정자동,반도체_디스플레이
41111,13600,경기도,수원시,장안구,조원동,경기도 수원시 장안구 조원동,반도체_디스플레이
41111,13300,경기도,수원시,장안구,천천동,경기도 수원시 장안구 천천동,반도체_디스플레이
41111,12900,경기도,수원시,장안구,파장동,경기도 수원시 장안구 파장동,반도체_디스플레이
41111,13900,경기도,수원시,장안구,하광교동,경기도 수원시 장안구 하광교동,반도체_디스플레이
41113,12800,경기도,수원시,권선구,고색동,경기도 수원시 권선구 고색동,반도체_디스플레이
41113,13600,경기도,수원시,권선구,곡반정동,경기도 수원시 권선구 곡반정동,반도체_디스플레이
41113,13200,경기도,수원시,권선구,구운동,경기도 수원시 권선구 구운동,반도체_디스플레이
41113,13700,경기도,수원시,권선구,권선동,경기도 수원시 권선구 권선동,반도체_디스플레이
41113,13400,경기도,수원시,권선구,금곡동,경기도 수원시 권선구 금곡동,반도체_디스플레이
41113,14100,경기도,수원시,권선구,당수동,경기도 수원시 권선구 당수동,반도체_디스플레이
41113,13900,경기도,수원시,권선구,대황교동,경기도 수원시 권선구 대황교동,반도체_디스플레이
41113,13100,경기도,수원시,권선구,서둔동,경기도 수원시 권선구 서둔동,반도체_디스플레이
41113,12600,경기도,수원시,권선구,세류동,경기도 수원시 권선구 세류동,반도체_디스플레이
41113,12900,경기도,수원시,권선구,오목천동,경기도 수원시 권선구 오목천동,반도체_디스플레이
41113,14000,경기도,수원시,권선구,입북동,경기도 수원시 권선구 입북동,반도체_디스플레이
41113,13800,경기도,수원시,권선구,장지동,경기도 수원시 권선구 장지동,반도체_디스플레이
41113,13300,경기도,수원시,권선구,탑동,경기도 수원시 권선구 탑동,반도체_디스플레이
41113,12700,경기도,수원시,권선구,평동,경기도 수원시 권선구 평동,반도체_디스플레이
41113,13000,경기도,수원시,권선구,평리동,경기도 수원시 권선구 평리동,반도체_디스플레이
41113,13500,경기도,수원시,권선구,호매실동,경기도 수원시 권선구 호매실동,반도체_디스플레이
41115,13700,경기도,수원시,팔달구,고등동,경기도 수원시 팔달구 고등동,반도체_디스플레이
41115,13200,경기도,수원시,팔달구,교동,경기도 수원시 팔달구 교동,반도체_디스플레이
41115,12600,경기도,수원시,팔달구,구천동,경기도 수원시 팔달구 구천동,반도체_디스플레이
41115,12700,경기도,수원시,팔달구,남수동,경기도 수원시 팔달구 남수동,반도체_디스플레이
41115,12300,경기도,수원시,팔달구,남창동,경기도 수원시 팔달구 남창동,반도체_디스플레이
41115,13300,경기도,수원시,팔달구,매교동,경기도 수원시 팔달구 매교동,반도체_디스플레이
41115,13400,경기도,수원시,팔달구,매산로1가,경기도 수원시 팔달구 매산로1가,반도체_디스플레이
41115,13500,경기도,수원시,팔달구,매산로2가,경기도 수원시 팔달구 매산로2가,반도체_디스플레이
41115,13600,경기도,수원시,팔달구,매산로3가,경기도 수원시 팔달구 매산로3가,반도체_디스플레이
41115,12800,경기도,수원시,팔달구,매향동,경기도 수원시 팔달구 매향동,반도체_디스플레이
41115,12900,경기도,수원시,팔달구,북수동,경기도 수원시 팔달구 북수동,반도체_디스플레이
41115,13000,경기도,수원시,팔달구,신풍동,경기도 수원시 팔달구 신풍동,반도체_디스플레이
41115,12400,경기도,수원시,팔달구,영동,경기도 수원시 팔달구 영동,반도체_디스플레이
41115,14000,경기도,수원시,팔달구,우만동,경기도 수원시 팔달구 우만동,반도체_디스플레이
41115,14100,경기도,수원시,팔달구,인계동,경기도 수원시 팔달구 인계동,반도체_디스플레이
41115,13100,경기도,수원시,팔달구,장안동,경기도 수원시 팔달구 장안동,반도체_디스플레이
41115,12500,경기도,수원시,팔달구,중동,경기도 수원시 팔달구 중동,반도체_디스플레이
41115,13900,경기도,수원시,팔달구,지동,경기도 수원시 팔달구 지동,반도체_디스플레이
41115,12000,경기도,수원시,팔달구,팔달로1가,경기도 수원시 팔달구 팔달로1가,반도체_디스플레이
41115,12100,경기도,수원시,팔달구,팔달로2가,경기도 수원시 팔달구 팔달로2가,반도체_디스플레이
41115,12200,경기도,수원시,팔달구,팔달로3가,경기도 수원시 팔달구 팔달로3가,반도체_디스플레이
41115,13800,경기도,수원시,팔달구,화서동,경기도 수원시 팔달구 화서동,반도체_디스플레이
41117,10700,경기도,수원시,영통구,망포동,경기도 수원시 영통구 망포동,반도체_디스플레이
41117,10100,경기도,수원시,영통구,매탄동,경기도 수원시 영통구 매탄동,반도체_디스플레이
41117,10600,경기도,수원시,영통구,신동,경기도 수원시 영통구 신동,반도체_디스플레이
41117,10500,경기도,수원시,영통구,영통동,경기도 수원시 영통구 영통동,반도체_디스플레이
41117,10200,경기도,수원시,영통구,원천동,경기도 수원시 영통구 원천동,반도체_디스플레이
41117,10300,경기도,수원시,영통구,이의동,경기도 수원시 영통구 이의동,반도체_디스플레이
41117,10400,경기도,수원시,영통구,하동,경기도 수원시 영통구 하동,반도체_디스플레이
41131,11200,경기도,성남시,수정구,고등동,경기도 성남시 수정구 고등동,연구개발
41131,11600,경기도,성남시,수정구,금토동,경기도 성남시 수정구 금토동,연구개발
41131,10400,경기도,성남시,수정구,단대동,경기도 성남시 수정구 단대동,연구개발
41131,11400,경기도,성남시,수정구,둔전동,경기도 성남시 수정구 둔전동,연구개발
41131,10700,경기도,성남시,수정구,복정동,경기도 성남시 수정구 복정동,연구개발
41131,11700,경기도,성남시,수정구,사송동,경기도 성남시 수정구 사송동,연구개발
41131,10500,경기도,성남시,수정구,산성동,경기도 성남시 수정구 산성동,연구개발
41131,11300,경기도,성남시,수정구,상적동,경기도 성남시 수정구 상적동,연구개발
41131,10300,경기도,성남시,수정구,수진동,경기도 성남시 수정구 수진동,연구개발
41131,11500,경기도,성남시,수정구,시흥동,경기도 성남시 수정구 시흥동,연구개발
41131,10900,경기도,성남시,수정구,신촌동,경기도 성남시 수정구 신촌동,연구개발
41131,10100,경기도,성남시,수정구,신흥동,경기도 성남시 수정구 신흥동,연구개발
41131,11100,경기도,성남시,수정구,심곡동,경기도 성남시 수정구 심곡동,연구개발
41131,10600,경기도,성남시,수정구,양지동,경기도 성남시 수정구 양지동,연구개발
41131,11000,경기도,성남시,수정구,오야동,경기도 성남시 수정구 오야동,연구개발
41133,10800,경기도,성남시,중원구,갈현동,경기도 성남시 중원구 갈현동,연구개발
41133,10300,경기도,성남시,중원구,금광동,경기도 성남시 중원구 금광동,연구개발
41133,10700,경기도,성남시,중원구,도촌동,경기도 성남시 중원구 도촌동,연구개발
41133,10500,경기도,성남시,중원구,상대원동,경기도 성남시 중원구 상대원동,연구개발
41133,10100,경기도,성남시,중원구,성남동,경기도 성남시 중원구 성남동,연구개발
41133,10600,경기도,성남시,중원구,여수동,경기도 성남시 중원구 여수동,연구개발
41133,10400,경기도,성남시,중원구,은행동,경기도 성남시 중원구 은행동,연구개발
41133,13200,경기도,성남시,중원구,중앙동,경기도 성남시 중원구 중앙동,연구개발
41133,10900,경기도,성남시,중원구,하대원동,경기도 성남시 중원구 하대원동,연구개발
41135,11400,경기도,성남시,분당구,구미동,경기도 성남시 분당구 구미동,연구개발
41135,11200,경기도,성남시,분당구,궁내동,경기도 성남시 분당구 궁내동,연구개발
41135,11100,경기도,성남시,분당구,금곡동,경기도 성남시 분당구 금곡동,연구개발
41135,11600,경기도,성남시,분당구,대장동,경기도 성남시 분당구 대장동,연구개발
41135,11300,경기도,성남시,분당구,동원동,경기도 성남시 분당구 동원동,연구개발
41135,11000,경기도,성남시,분당구,백현동,경기도 성남시 분당구 백현동,연구개발
41135,10100,경기도,성남시,분당구,분당동,경기도 성남시 분당구 분당동,연구개발
41135,10900,경기도,성남시,분당구,삼평동,경기도 성남시 분당구 삼평동,연구개발
41135,10500,경기도,성남시,분당구,서현동,경기도 성남시 분당구 서현동,연구개발
41135,11700,경기도,성남시,분당구,석운동,경기도 성남시 분당구 석운동,연구개발
41135,10200,경기도,성남시,분당구,수내동,경기도 성남시 분당구 수내동,연구개발
41135,10700,경기도,성남시,분당구,야탑동,경기도 성남시 분당구 야탑동,연구개발
41135,11500,경기도,성남시,분당구,운중동,경기도 성남시 분당구 운중동,연구개발
41135,10400,경기도,성남시,분당구,율동,경기도 성남시 분당구 율동,연구개발
41135,10600,경기도,성남시,분당구,이매동,경기도 성남시 분당구 이매동,연구개발
41220,25000,경기도,평택시,,팽성읍,경기도 평택시 팽성읍,반도체_디스플레이|제약_바이오
41220,25300,경기도,평택시,,안중읍,경기도 평택시 안중읍,반도체_디스플레이
41220,25600,경기도,평택시,,포승읍,경기도 평택시 포승읍,반도체_디스플레이|제약_바이오
41220,25900,경기도,평택시,,청북읍,경기도 평택시 청북읍,반도체_디스플레이|제약_바이오
41220,31000,경기도,평택시,,진위면,경기도 평택시 진위면,반도체_디스플레이
41220,32000,경기도,평택시,,서탄면,경기도 평택시 서탄면,반도체_디스플레이
41220,33000,경기도,평택시,,고덕면,경기도 평택시 고덕면,반도체_디스플레이
41220,34000,경기도,평택시,,오성면,경기도 평택시 오성면,반도체_디스플레이
41220,37000,경기도,평택시,,현덕면,경기도 평택시 현덕면,반도체_디스플레이
41220,10700,경기도,평택시,,가재동,경기도 평택시 가재동,반도체_디스플레이
41220,12800,경기도,평택시,,고덕동,경기도 평택시 고덕동,반도체_디스플레이
41220,11500,경기도,평택시,,군문동,경기도 평택시 군문동,반도체_디스플레이
41220,10600,경기도,평택시,,도일동,경기도 평택시 도일동,반도체_디스플레이
41220,11100,경기도,평택시,,독곡동,경기도 평택시 독곡동,반도체_디스플레이
41220,11900,경기도,평택시,,동삭동,경기도 평택시 동삭동,반도체_디스플레이
41220,10300,경기도,평택시,,모곡동,경기도 평택시 모곡동,반도체_디스플레이
41220,11800,경기도,평택시,,비전동,경기도 평택시 비전동,반도체_디스플레이
41220,10100,경기도,평택시,,서정동,경기도 평택시 서정동,반도체_디스플레이
41220,32030,경기도,평택시,,서탄면 황구지리,경기도 평택시 서탄면 황구지리,반도체_디스플레이
41220,12000,경기도,평택시,,세교동,경기도 평택시 세교동,반도체_디스플레이
41220,12300,경기도,평택시,,소사동,경기도 평택시 소사동,반도체_디스플레이
41220,12200,경기도,평택시,,신대동,경기도 평택시 신대동,반도체_디스플레이
41220,11200,경기도,평택시,,신장동,경기도 평택시 신장동,반도체_디스플레이
41220,25330,경기도,평택시,,안중읍 현화리,경기도 평택시 안중읍 현화리,반도체_디스플레이
41220,12400,경기도,평택시,,용이동,경기도 평택시 용이동,반도체_디스플레이
41220,12500,경기도,평택시,,월곡동,경기도 평택시 월곡동,반도체_디스플레이
41220,11600,경기도,평택시,,유천동,경기도 평택시 유천동,반도체_디스플레이
41220,10900,경기도,평택시,,이충동,경기도 평택시 이충동,반도체_디스플레이
41220,10200,경기도,평택시,,장당동,경기도 평택시 장당동,반도체_디스플레이
41220,10800,경기도,평택시,,장안동,경기도 평택시 장안동,반도체_디스플레이
41220,12700,경기도,평택시,,죽백동,경기도 평택시 죽백동,반도체_디스플레이
41220,11000,경기도,평택시,,지산동,경기도 평택시 지산동,반도체_디스플레이
41220,12100,경기도,평택시,,지제동,경기도 평택시 지제동,반도체_디스플레이
41220,31030,경기도,평택시,,진위면 견산리,경기도 평택시 진위면 견산리,반도체_디스플레이
41271,11100,경기도,안산시,상록구,건건동,경기도 안산시 상록구 건건동,제약_바이오
41271,10400,경기도,안산시,상록구,본오동,경기도 안산시 상록구 본오동,제약_바이오
41271,10700,경기도,안산시,상록구,부곡동,경기도 안산시 상록구 부곡동,제약_바이오
41271,10300,경기도,안산시,상록구,사동,경기도 안산시 상록구 사동,제약_바이오
41271,11200,경기도,안산시,상록구,사사동,경기도 안산시 상록구 사사동,제약_바이오
41271,10800,경기도,안산시,상록구,성포동,경기도 안산시 상록구 성포동,제약_바이오
41271,11300,경기도,안산시,상록구,수암동,경기도 안산시 상록구 수암동,제약_바이오
41271,10600,경기도,안산시,상록구,양상동,경기도 안산시 상록구 양상동,제약_바이오
41271,10900,경기도,안산시,상록구,월피동,경기도 안산시 상록구 월피동,제약_바이오
41271,10200,경기도,안산시,상록구,이동,경기도 안산시 상록구 이동,제약_바이오
41271,10100,경기도,안산시,상록구,일동,경기도 안산시 상록구 일동,제약_바이오
41271,11400,경기도,안산시,상록구,장상동,경기도 안산시 상록구 장상동,제약_바이오
41271,11500,경기도,안산시,상록구,장하동,경기도 안산시 상록구 장하동,제약_바이오
41271,10500,경기도,안산시,상록구,팔곡이동,경기도 안산시 상록구 팔곡이동,제약_바이오
41271,11000,경기도,안산시,상록구,팔곡일동,경기도 안산시 상록구 팔곡일동,제약_바이오
41273,10100,경기도,안산시,단원구,고잔동,경기도 안산시 단원구 고잔동,제약_바이오
41273,11200,경기도,안산시,단원구,대부남동,경기도 안산시 단원구 대부남동,제약_바이오
41273,11000,경기도,안산시,단원구,대부동동,경기도 안산시 단원구 대부동동,제약_바이오
41273,11100,경기도,안산시,단원구,대부북동,경기도 안산시 단원구 대부북동,제약_바이오
41273,10600,경기도,안산시,단원구,목내동,경기도 안산시 단원구 목내동,제약_바이오
41273,11300,경기도,안산시,단원구,선감동,경기도 안산시 단원구 선감동,제약_바이오
41273,10900,경기도,안산시,단원구,선부동,경기도 안산시 단원구 선부동,제약_바이오
41273,10400,경기도,안산시,단원구,성곡동,경기도 안산시 단원구 성곡동,제약_바이오
41273,10300,경기도,안산시,단원구,신길동,경기도 안산시 단원구 신길동,제약_바이오
41273,10200,경기도,안산시,단원구,와동,경기도 안산시 단원구 와동,제약_바이오
41273,10800,경기도,안산시,단원구,원곡동,경기도 안산시 단원구 원곡동,제약_바이오
41273,10500,경기도,안산시,단원구,원시동,경기도 안산시 단원구 원시동,제약_바이오
41273,10700,경기도,안산시,단원구,초지동,경기도 안산시 단원구 초지동,제약_바이오
41273,11400,경기도,안산시,단원구,풍도동,경기도 안산시 단원구 풍도동,제약_바이오
41273,11500,경기도,안산시,단원구,화정동,경기도 안산시 단원구 화정동,제약_바이오
41370,12100,경기도,오산시,,가수동,경기도 오산시 가수동,반도체_디스플레이
41370,10600,경기도,오산시,,가장동,경기도 오산시 가장동,반도체_디스플레이
41370,12400,경기도,오산시,,갈곶동,경기도 오산시 갈곶동,반도체_디스플레이
41370,12200,경기도,오산시,,고현동,경기도 오산시 고현동,반도체_디스플레이
41370,10400,경기도,오산시,,궐동,경기도 오산시 궐동,반도체_디스플레이
41370,10700,경기도,오산시,,금암동,경기도 오산시 금암동,반도체_디스플레이
41370,11000,경기도,오산시,,내삼미동,경기도 오산시 내삼미동,반도체_디스플레이
41370,12000,경기도,오산시,,누읍동,경기도 오산시 누읍동,반도체_디스플레이
41370,11800,경기도,오산시,,두곡동,경기도 오산시 두곡동,반도체_디스플레이
41370,11700,경기도,오산시,,벌음동,경기도 오산시 벌음동,반도체_디스플레이
41370,10200,경기도,오산시,,부산동,경기도 오산시 부산동,반도체_디스플레이
41370,11600,경기도,오산시,,서동,경기도 오산시 서동,반도체_디스플레이
41370,11500,경기도,오산시,,서랑동,경기도 오산시 서랑동,반도체_디스플레이
41370,11300,경기도,오산시,,세교동,경기도 오산시 세교동,반도체_디스플레이
41370,10800,경기도,오산시,,수청동,경기도 오산시 수청동,반도체_디스플레이
41370,11200,경기도,오산시,,양산동,경기도 오산시 양산동,반도체_디스플레이
41370,10100,경기도,오산시,,오산동,경기도 오산시 오산동,반도체_디스플레이
41370,11100,경기도,오산시,,외삼미동,경기도 오산시 외삼미동,반도체_디스플레이
41370,10300,경기도,오산시,,원동,경기도 오산시 원동,반도체_디스플레이
41370,10900,경기도,오산시,,은계동,경기도 오산시 은계동,반도체_디스플레이
41370,11400,경기도,오산시,,지곶동,경기도 오산시 지곶동,반도체_디스플레이
41370,10500,경기도,오산시,,청학동,경기도 오산시 청학동,반도체_디스플레이
41370,12300,경기도,오산시,,청호동,경기도 오산시 청호동,반도체_디스플레이
41370,11900,경기도,오산시,,탑동,경기도 오산시 탑동,반도체_디스플레이
41390,12700,경기도,시흥시,,거모동,경기도 시흥시 거모동,제약_바이오
41390,11300,경기도,시흥시,,계수동,경기도 시흥시 계수동,제약_바이오
41390,11200,경기도,시흥시,,과림동,경기도 시흥시 과림동,제약_바이오
41390,12100,경기도,시흥시,,광석동,경기도 시흥시 광석동,제약_바이오
41390,12800,경기도,시흥시,,군자동,경기도 시흥시 군자동,제약_바이오
41390,11000,경기도,시흥시,,금이동,경기도 시흥시 금이동,제약_바이오
41390,12500,경기도,시흥시,,논곡동,경기도 시흥시 논곡동,제약_바이오
41390,11800,경기도,시흥시,,능곡동,경기도 시흥시 능곡동,제약_바이오
41390,10100,경기도,시흥시,,대야동,경기도 시흥시 대야동,제약_바이오
41390,10900,경기도,시흥시,,도창동,경기도 시흥시 도창동,제약_바이오
41390,10800,경기도,시흥시,,매화동,경기도 시흥시 매화동,제약_바이오
41390,12600,경기도,시흥시,,목감동,경기도 시흥시 목감동,제약_바이오
41390,13400,경기도,시흥시,,무지내동,경기도 시흥시 무지내동,제약_바이오
41390,12200,경기도,시흥시,,물왕동,경기도 시흥시 물왕동,제약_바이오
41390,10500,경기도,시흥시,,미산동,경기도 시흥시 미산동,제약_바이오
41461,25000,경기도,용인시,처인구,포곡읍,경기도 용인시 처인구 포곡읍,반도체_디스플레이
41461,25300,경기도,용인시,처인구,모현읍,경기도 용인시 처인구 모현읍,반도체_디스플레이
41461,25600,경기도,용인시,처인구,이동읍,경기도 용인시 처인구 이동읍,반도체_디스플레이
41461,25900,경기도,용인시,처인구,남사읍,경기도 용인시 처인구 남사읍,반도체_디스플레이
41461,26200,경기도,용인시,처인구,양지읍,경기도 용인시 처인구 양지읍,반도체_디스플레이
41461,34000,경기도,용인시,처인구,원삼면,경기도 용인시 처인구 원삼면,반도체_디스플레이
41461,35000,경기도,용인시,처인구,백암면,경기도 용인시 처인구 백암면,반도체_디스플레이|제약_바이오
41461,10600,경기도,용인시,처인구,고림동,경기도 용인시 처인구 고림동,반도체_디스플레이
41461,10100,경기도,용인시,처인구,김량장동,경기도 용인시 처인구 김량장동,반도체_디스플레이
41461,10400,경기도,용인시,처인구,남동,경기도 용인시 처인구 남동,반도체_디스플레이
41461,25930,경기도,용인시,처인구,남사읍 아곡리,경기도 용인시 처인구 남사읍 아곡리,반도체_디스플레이
41461,10700,경기도,용인시,처인구,마평동,경기도 용인시 처인구 마평동,반도체_디스플레이
41461,35030,경기도,용인시,처인구,백암면 근창리,경기도 용인시 처인구 백암면 근창리,반도체_디스플레이
41461,10300,경기도,용인시,처인구,삼가동,경기도 용인시 처인구 삼가동,반도체_디스플레이
41461,26230,경기도,용인시,처인구,양지읍 송문리,경기도 용인시 처인구 양지읍 송문리,반도체_디스플레이
41461,10200,경기도,용인시,처인구,역북동,경기도 용인시 처인구 역북동,반도체_디스플레이
41461,10800,경기도,용인시,처인구,운학동,경기도 용인시 처인구 운학동,반도체_디스플레이
41461,34030,경기도,용인시,처인구,원삼면 학일리,경기도 용인시 처인구 원삼면 학일리,반도체_디스플레이
41461,10500,경기도,용인시,처인구,유방동,경기도 용인시 처인구 유방동,반도체_디스플레이
41461,11000,경기도,용인시,처인구,해곡동,경기도 용인시 처인구 해곡동,반도체_디스플레이
41461,10900,경기도,용인시,처인구,호동,경기도 용인시 처인구 호동,반도체_디스플레이
41463,10800,경기도,용인시,기흥구,고매동,경기도 용인시 기흥구 고매동,반도체_디스플레이
41463,10700,경기도,용인시,기흥구,공세동,경기도 용인시 기흥구 공세동,반도체_디스플레이
41463,10200,경기도,용인시,기흥구,구갈동,경기도 용인시 기흥구 구갈동,반도체_디스플레이
41463,10900,경기도,용인시,기흥구,농서동,경기도 용인시 기흥구 농서동,반도체_디스플레이
41463,11500,경기도,용인시,기흥구,동백동,경기도 용인시 기흥구 동백동,반도체_디스플레이
41463,11300,경기도,용인시,기흥구,마북동,경기도 용인시 기흥구 마북동,반도체_디스플레이
41463,10500,경기도,용인시,기흥구,보라동,경기도 용인시 기흥구 보라동,반도체_디스플레이
41463,11800,경기도,용인시,기흥구,보정동,경기도 용인시 기흥구 보정동,반도체_디스플레이
41463,10300,경기도,용인시,기흥구,상갈동,경기도 용인시 기흥구 상갈동,반도체_디스플레이
41463,11700,경기도,용인시,기흥구,상하동,경기도 용인시 기흥구 상하동,반도체_디스플레이
41463,11000,경기도,용인시,기흥구,서천동,경기도 용인시 기흥구 서천동,반도체_디스플레이
41463,10100,경기도,용인시,기흥구,신갈동,경기도 용인시 기흥구 신갈동,반도체_디스플레이
41463,11200,경기도,용인시,기흥구,언남동,경기도 용인시 기흥구 언남동,반도체_디스플레이
41463,11100,경기도,용인시,기흥구,영덕동,경기도 용인시 기흥구 영덕동,반도체_디스플레이
41463,11600,경기도,용인시,기흥구,중동,경기도 용인시 기흥구 중동,반도체_디스플레이
41463,10600,경기도,용인시,기흥구,지곡동,경기도 용인시 기흥구 지곡동,반도체_디스플레이
41463,11400,경기도,용인시,기흥구,청덕동,경기도 용인시 기흥구 청덕동,반도체_디스플레이
41463,10400,경기도,용인시,기흥구,하갈동,경기도 용인시 기흥구 하갈동,반도체_디스플레이
41465,10400,경기도,용인시,수지구,고기동,경기도 용인시 수지구 고기동,반도체_디스플레이
41465,10300,경기도,용인시,수지구,동천동,경기도 용인시 수지구 동천동,반도체_디스플레이
41465,10700,경기도,용인시,수지구,상현동,경기도 용인시 수지구 상현동,반도체_디스플레이
41465,10600,경기도,용인시,수지구,성복동,경기도 용인시 수지구 성복동,반도체_디스플레이
41465,10500,경기도,용인시,수지구,신봉동,경기도 용인시 수지구 신봉동,반도체_디스플레이
41465,10200,경기도,용인시,수지구,죽전동,경기도 용인시 수지구 죽전동,반도체_디스플레이
41465,10100,경기도,용인시,수지구,풍덕천동,경기도 용인시 수지구 풍덕천동,반도체_디스플레이
41480,25000,경기도,파주시,,문산읍,경기도 파주시 문산읍,반도체_디스플레이
41480,25300,경기도,파주시,,파주읍,경기도 파주시 파주읍,반도체_디스플레이
41480,25600,경기도,파주시,,법원읍,경기도 파주시 법원읍,반도체_디스플레이
41480,26200,경기도,파주시,,조리읍,경기도 파주시 조리읍,반도체_디스플레이
41480,31000,경기도,파주시,,월롱면,경기도 파주시 월롱면,반도체_디스플레이
41480,32000,경기도,파주시,,탄현면,경기도 파주시 탄현면,반도체_디스플레이
41480,35000,경기도,파주시,,광탄면,경기도 파주시 광탄면,반도체_디스플레이
41480,36000,경기도,파주시,,파평면,경기도 파주시 파평면,반도체_디스플레이
41480,37000,경기도,파주시,,적성면,경기도 파주시 적성면,반도체_디스플레이
41480,38000,경기도,파주시,,군내면,경기도 파주시 군내면,반도체_디스플레이
41480,39000,경기도,파주시,,장단면,경기도 파주시 장단면,반도체_디스플레이
41480,40000,경기도,파주시,,진동면,경기도 파주시 진동면,반도체_디스플레이
41480,41000,경기도,파주시,,진서면,경기도 파주시 진서면,반도체_디스플레이
41480,10500,경기도,파주시,,검산동,경기도 파주시 검산동,반도체_디스플레이
41480,10700,경기도,파주시,,교하동,경기도 파주시 교하동,반도체_디스플레이
41480,12300,경기도,파주시,,금릉동,경기도 파주시 금릉동,반도체_디스플레이
41480,10100,경기도,파주시,,금촌동,경기도 파주시 금촌동,반도체_디스플레이
41480,10900,경기도,파주시,,다율동,경기도 파주시 다율동,반도체_디스플레이
41480,11400,경기도,파주시,,당하동,경기도 파주시 당하동,반도체_디스플레이
41480,11300,경기도,파주시,,동패동,경기도 파주시 동패동,반도체_디스플레이
41480,10600,경기도,파주시,,맥금동,경기도 파주시 맥금동,반도체_디스플레이
41480,11700,경기도,파주시,,목동동,경기도 파주시 목동동,반도체_디스플레이
41480,11500,경기도,파주시,,문발동,경기도 파주시 문발동,반도체_디스플레이
41480,25030,경기도,파주시,,문산읍 이천리,경기도 파주시 문산읍 이천리,반도체_디스플레이
41480,25630,경기도,파주시,,법원읍 금곡리,경기도 파주시 법원읍 금곡리,반도체_디스플레이
41480,11200,경기도,파주시,,산남동,경기도 파주시 산남동,반도체_디스플레이
41480,11100,경기도,파주시,,상지석동,경기도 파주시 상지석동,반도체_디스플레이
41480,11900,경기도,파주시,,서패동,경기도 파주시 서패동,반도체_디스플레이
41480,11600,경기도,파주시,,송촌동,경기도 파주시 송촌동,반도체_디스플레이
41480,12000,경기도,파주시,,신촌동,경기도 파주시 신촌동,반도체_디스플레이
41480,10200,경기도,파주시,,아동동,경기도 파주시 아동동,반도체_디스플레이
41480,10800,경기도,파주시,,야당동,경기도 파주시 야당동,반도체_디스플레이
41480,10400,경기도,파주시,,야동동,경기도 파주시 야동동,반도체_디스플레이
41480,12100,경기도,파주시,,연다산동,경기도 파주시 연다산동,반도체_디스플레이
41480,11000,경기도,파주시,,오도동,경기도 파주시 오도동,반도체_디스플레이
41480,12200,경기도,파주시,,와동동,경기도 파주시 와동동,반도체_디스플레이
41480,37030,경기도,파주시,,적성면 식현리,경기도 파주시 적성면 식현리,반도체_디스플레이
41480,32030,경기도,파주시,,탄현면 낙하리,경기도 파주시 탄현면 낙하리,반도체_디스플레이
41500,25000,경기도,이천시,,장호원읍,경기도 이천시 장호원읍,반도체_디스플레이
41500,25300,경기도,이천시,,부발읍,경기도 이천시 부발읍,반도체_디스플레이
41500,31000,경기도,이천시,,신둔면,경기도 이천시 신둔면,반도체_디스플레이
41500,32000,경기도,이천시,,백사면,경기도 이천시 백사면,반도체_디스플레이
41500,33000,경기도,이천시,,호법면,경기도 이천시 호법면,반도체_디스플레이
41500,34000,경기도,이천시,,마장면,경기도 이천시 마장면,반도체_디스플레이|제약_바이오
41500,35000,경기도,이천시,,대월면,경기도 이천시 대월면,반도체_디스플레이
41500,36000,경기도,이천시,,모가면,경기도 이천시 모가면,반도체_디스플레이|제약_바이오
41500,37000,경기도,이천시,,설성면,경기도 이천시 설성면,반도체_디스플레이
41500,38000,경기도,이천시,,율면,경기도 이천시 율면,반도체_디스플레이
41500,10800,경기도,이천시,,갈산동,경기도 이천시 갈산동,반도체_디스플레이
41500,11400,경기도,이천시,,고담동,경기도 이천시 고담동,반도체_디스플레이
41500,10200,경기도,이천시,,관고동,경기도 이천시 관고동,반도체_디스플레이
41500,11200,경기도,이천시,,단월동,경기도 이천시 단월동,반도체_디스플레이
41500,35030,경기도,이천시,,대월면 구시리,경기도 이천시 대월면 구시리,반도체_디스플레이
41500,11300,경기도,이천시,,대포동,경기도 이천시 대포동,반도체_디스플레이
41500,34030,경기도,이천시,,마장면 덕평리,경기도 이천시 마장면 덕평리,반도체_디스플레이
41500,36030,경기도,이천시,,모가면 어농리,경기도 이천시 모가면 어농리,반도체_디스플레이
41500,32030,경기도,이천시,,백사면 내촌리,경기도 이천시 백사면 내촌리,반도체_디스플레이
41500,25330,경기도,이천시,,부발읍 아미리,경기도 이천시 부발읍 아미리,반도체_디스플레이
41500,11100,경기도,이천시,,사음동,경기도 이천시 사음동,반도체_디스플레이
41500,37030,경기도,이천시,,설성면 상봉리,경기도 이천시 설성면 상봉리,반도체_디스플레이
41500,11000,경기도,이천시,,송정동,경기도 이천시 송정동,반도체_디스플레이
41500,31030,경기도,이천시,,신둔면 용면리,경기도 이천시 신둔면 용면리,반도체_디스플레이
41500,10700,경기도,이천시,,안흥동,경기도 이천시 안흥동,반도체_디스플레이
41500,38030,경기도,이천시,,율면 총곡리,경기도 이천시 율면 총곡리,반도체_디스플레이
41500,10500,경기도,이천시,,율현동,경기도 이천시 율현동,반도체_디스플레이
41500,11500,경기도,이천시,,장록동,경기도 이천시 장록동,반도체_디스플레이
41500,25030,경기도,이천시,,장호원읍 나래리,경기도 이천시 장호원읍 나래리,반도체_디스플레이
41500,10300,경기도,이천시,,중리동,경기도 이천시 중리동,반도체_디스플레이
41500,10400,경기도,이천시,,증일동,경기도 이천시 증일동,반도체_디스플레이
41500,10900,경기도,이천시,,증포동,경기도 이천시 증포동,반도체_디스플레이
41500,10600,경기도,이천시,,진리동,경기도 이천시 진리동,반도체_디스플레이
41500,10100,경기도,이천시,,창전동,경기도 이천시 창전동,반도체_디스플레이
41550,25000,경기도,안성시,,공도읍,경기도 안성시 공도읍,반도체_디스플레이
41550,31000,경기도,안성시,,보개면,경기도 안성시 보개면,반도체_디스플레이
41550,32000,경기도,안성시,,금광면,경기도 안성시 금광면,반도체_디스플레이
41550,33000,경기도,안성시,,서운면,경기도 안성시 서운면,반도체_디스플레이
41550,34000,경기도,안성시,,미양면,경기도 안성시 미양면,반도체_디스플레이|제약_바이오
41550,35000,경기도,안성시,,대덕면,경기도 안성시 대덕면,반도체_디스플레이
41550,36000,경기도,안성시,,양성면,경기도 안성시 양성면,반도체_디스플레이
41550,38000,경기도,안성시,,원곡면,경기도 안성시 원곡면,반도체_디스플레이|제약_바이오
41550,39000,경기도,안성시,,일죽면,경기도 안성시 일죽면,반도체_디스플레이
41550,40000,경기도,안성시,,죽산면,경기도 안성시 죽산면,반도체_디스플레이
41550,41000,경기도,안성시,,삼죽면,경기도 안성시 삼죽면,반도체_디스플레이
41550,42000,경기도,안성시,,고삼면,경기도 안성시 고삼면,반도체_디스플레이
41550,12600,경기도,안성시,,가사동,경기도 안성시 가사동,반도체_디스플레이
41550,12700,경기도,안성시,,가현동,경기도 안성시 가현동,반도체_디스플레이
41550,12100,경기도,안성시,,계동,경기도 안성시 계동,반도체_디스플레이
41550,25030,경기도,안성시,,공도읍 마정리,경기도 안성시 공도읍 마정리,반도체_디스플레이
41550,10500,경기도,안성시,,구포동,경기도 안성시 구포동,반도체_디스플레이
41550,32030,경기도,안성시,,금광면 한운리,경기도 안성시 금광면 한운리,반도체_디스플레이
41550,11400,경기도,안성시,,금산동,경기도 안성시 금산동,반도체_디스플레이
41550,12000,경기도,안성시,,금석동,경기도 안성시 금석동,반도체_디스플레이
41550,10900,경기도,안성시,,낙원동,경기도 안성시 낙원동,반도체_디스플레이
41550,12500,경기도,안성시,,당왕동,경기도 안성시 당왕동,반도체_디스플레이
41550,35030,경기도,안성시,,대덕면 죽리,경기도 안성시 대덕면 죽리,반도체_디스플레이
41550,11600,경기도,안성시,,대천동,경기도 안성시 대천동,반도체_디스플레이
41550,12400,경기도,안성시,,도기동,경기도 안성시 도기동,반도체_디스플레이
41550,10600,경기도,안성시,,동본동,경기도 안성시 동본동,반도체_디스플레이
41550,10700,경기도,안성시,,명륜동,경기도 안성시 명륜동,반도체_디스플레이
41550,34030,경기도,안성시,,미양면 진촌리,경기도 안성시 미양면 진촌리,반도체_디스플레이
41550,13200,경기도,안성시,,발화동,경기도 안성시 발화동,반도체_디스플레이
41550,31030,경기도,안성시,,보개면 내방리,경기도 안성시 보개면 내방리,반도체_디스플레이
41550,10400,경기도,안성시,,봉남동,경기도 안성시 봉남동,반도체_디스플레이
41550,10100,경기도,안성시,,봉산동,경기도 안성시 봉산동,반도체_디스플레이
41550,12300,경기도,안성시,,사곡동,경기도 안성시 사곡동,반도체_디스플레이
41550,41030,경기도,안성시,,삼죽면 기솔리,경기도 안성시 삼죽면 기솔리,반도체_디스플레이
41550,33030,경기도,안성시,,서운면 신기리,경기도 안성시 서운면 신기리,반도체_디스플레이
41550,11700,경기도,안성시,,서인동,경기도 안성시 서인동,반도체_디스플레이
41550,11800,경기도,안성시,,석정동,경기도 안성시 석정동,반도체_디스플레이
41570,25000,경기도,김포시,,통진읍,경기도 김포시 통진읍,일반제조|제약_바이오
41570,25300,경기도,김포시,,고촌읍,경기도 김포시 고촌읍,일반제조
41570,25600,경기도,김포시,,양촌읍,경기도 김포시 양촌읍,일반제조|제약_바이오
41570,34000,경기도,김포시,,대곶면,경기도 김포시 대곶면,일반제조
41570,35000,경기도,김포시,,월곶면,경기도 김포시 월곶면,일반제조
41570,36000,경기도,김포시,,하성면,경기도 김포시 하성면,일반제조
41570,10500,경기도,김포시,,감정동,경기도 김포시 감정동,일반제조
41570,10200,경기도,김포시,,걸포동,경기도 김포시 걸포동,일반제조
41570,10900,경기도,김포시,,구래동,경기도 김포시 구래동,일반제조
41570,34030,경기도,김포시,,대곶면 석정리,경기도 김포시 대곶면 석정리,일반제조
41570,10800,경기도,김포시,,마산동,경기도 김포시 마산동,일반제조
41570,10100,경기도,김포시,,북변동,경기도 김포시 북변동,일반제조
41570,10600,경기도,김포시,,사우동,경기도 김포시 사우동,일반제조
41570,10300,경기도,김포시,,운양동,경기도 김포시 운양동,일반제조
41570,35030,경기도,김포시,,월곶면 개곡리,경기도 김포시 월곶면 개곡리,일반제조
41570,10400,경기도,김포시,,장기동,경기도 김포시 장기동,일반제조
41570,10700,경기도,김포시,,풍무동,경기도 김포시 풍무동,일반제조
41570,36030,경기도,김포시,,하성면 봉성리,경기도 김포시 하성면 봉성리,일반제조
41591,25000,경기도,화성시,만세구,우정읍,경기도 화성시 만세구 우정읍,반도체_디스플레이
41591,25300,경기도,화성시,만세구,향남읍,경기도 화성시 만세구 향남읍,반도체_디스플레이|제약_바이오
41591,25600,경기도,화성시,만세구,남양읍,경기도 화성시 만세구 남양읍,반도체_디스플레이
41591,31000,경기도,화성시,만세구,마도면,경기도 화성시 만세구 마도면,반도체_디스플레이|제약_바이오
41591,32000,경기도,화성시,만세구,송산면,경기도 화성시 만세구 송산면,반도체_디스플레이
41591,33000,경기도,화성시,만세구,서신면,경기도 화성시 만세구 서신면,반도체_디스플레이
41591,34000,경기도,화성시,만세구,팔탄면,경기도 화성시 만세구 팔탄면,반도체_디스플레이|제약_바이오
41591,35000,경기도,화성시,만세구,장안면,경기도 화성시 만세구 장안면,반도체_디스플레이
41591,36000,경기도,화성시,만세구,양감면,경기도 화성시 만세구 양감면,반도체_디스플레이|제약_바이오
41591,25630,경기도,화성시,만세구,남양읍 수화리,경기도 화성시 만세구 남양읍 수화리,반도체_디스플레이
41591,31030,경기도,화성시,만세구,마도면 고모리,경기도 화성시 만세구 마도면 고모리,반도체_디스플레이
41591,10100,경기도,화성시,만세구,새솔동,경기도 화성시 만세구 새솔동,반도체_디스플레이
41591,33030,경기도,화성시,만세구,서신면 궁평리,경기도 화성시 만세구 서신면 궁평리,반도체_디스플레이
41591,32030,경기도,화성시,만세구,송산면 마산리,경기도 화성시 만세구 송산면 마산리,반도체_디스플레이
41591,25030,경기도,화성시,만세구,우정읍 매향리,경기도 화성시 만세구 우정읍 매향리,반도체_디스플레이
41591,35030,경기도,화성시,만세구,장안면 노진리,경기도 화성시 만세구 장안면 노진리,반도체_디스플레이
41591,34030,경기도,화성시,만세구,팔탄면 덕우리,경기도 화성시 만세구 팔탄면 덕우리,반도체_디스플레이
41591,25330,경기도,화성시,만세구,향남읍 길성리,경기도 화성시 만세구 향남읍 길성리,반도체_디스플레이
41591,25340,경기도,화성시,만세구,향남읍 방축리,경기도 화성시 만세구 향남읍 방축리,반도체_디스플레이
41593,25000,경기도,화성시,효행구,봉담읍,경기도 화성시 효행구 봉담읍,반도체_디스플레이
41593,31000,경기도,화성시,효행구,매송면,경기도 화성시 효행구 매송면,반도체_디스플레이
41593,32000,경기도,화성시,효행구,비봉면,경기도 화성시 효행구 비봉면,반도체_디스플레이
41593,33000,경기도,화성시,효행구,정남면,경기도 화성시 효행구 정남면,반도체_디스플레이|제약_바이오
41593,10200,경기도,화성시,효행구,기안동,경기도 화성시 효행구 기안동,반도체_디스플레이
41593,10100,경기도,화성시,효행구,배양동,경기도 화성시 효행구 배양동,반도체_디스플레이
41593,25030,경기도,화성시,효행구,봉담읍 당하리,경기도 화성시 효행구 봉담읍 당하리,반도체_디스플레이
41593,33030,경기도,화성시,효행구,정남면 귀래리,경기도 화성시 효행구 정남면 귀래리,반도체_디스플레이
41595,10400,경기도,화성시,병점구,기산동,경기도 화성시 병점구 기산동,반도체_디스플레이
41595,10300,경기도,화성시,병점구,능동,경기도 화성시 병점구 능동,반도체_디스플레이
41595,10500,경기도,화성시,병점구,반월동,경기도 화성시 병점구 반월동,반도체_디스플레이
41595,10600,경기도,화성시,병점구,반정동,경기도 화성시 병점구 반정동,반도체_디스플레이
41595,10200,경기도,화성시,병점구,병점동,경기도 화성시 병점구 병점동,반도체_디스플레이
41595,10800,경기도,화성시,병점구,송산동,경기도 화성시 병점구 송산동,반도체_디스플레이
41595,10900,경기도,화성시,병점구,안녕동,경기도 화성시 병점구 안녕동,반도체_디스플레이
41595,10100,경기도,화성시,병점구,진안동,경기도 화성시 병점구 진안동,반도체_디스플레이
41595,10700,경기도,화성시,병점구,황계동,경기도 화성시 병점구 황계동,반도체_디스플레이
41597,11400,경기도,화성시,동탄구,금곡동,경기도 화성시 동탄구 금곡동,반도체_디스플레이
41597,10100,경기도,화성시,동탄구,능동,경기도 화성시 동탄구 능동,반도체_디스플레이
41597,10900,경기도,화성시,동탄구,목동,경기도 화성시 동탄구 목동,반도체_디스플레이
41597,10200,경기도,화성시,동탄구,반송동,경기도 화성시 동탄구 반송동,반도체_디스플레이
41597,11300,경기도,화성시,동탄구,방교동,경기도 화성시 동탄구 방교동,반도체_디스플레이
41597,11000,경기도,화성시,동탄구,산척동,경기도 화성시 동탄구 산척동,반도체_디스플레이
41597,10300,경기도,화성시,동탄구,석우동,경기도 화성시 동탄구 석우동,반도체_디스플레이
41597,11200,경기도,화성시,동탄구,송동,경기도 화성시 동탄구 송동,반도체_디스플레이
41597,10800,경기도,화성시,동탄구,신동,경기도 화성시 동탄구 신동,반도체_디스플레이
41597,11500,경기도,화성시,동탄구,여울동,경기도 화성시 동탄구 여울동,반도체_디스플레이
41597,10600,경기도,화성시,동탄구,영천동,경기도 화성시 동탄구 영천동,반도체_디스플레이
41597,11100,경기도,화성시,동탄구,장지동,경기도 화성시 동탄구 장지동,반도체_디스플레이
41597,10700,경기도,화성시,동탄구,중동,경기도 화성시 동탄구 중동,반도체_디스플레이
41597,10500,경기도,화성시,동탄구,청계동,경기도 화성시 동탄구 청계동,반도체_디스플레이
41610,25300,경기도,광주시,,초월읍,경기도 광주시 초월읍,일반제조
41610,25900,경기도,광주시,,곤지암읍,경기도 광주시 곤지암읍,일반제조|제약_바이오
41610,33000,경기도,광주시,,도척면,경기도 광주시 도척면,일반제조
41610,34000,경기도,광주시,,퇴촌면,경기도 광주시 퇴촌면,일반제조
41610,35000,경기도,광주시,,남종면,경기도 광주시 남종면,일반제조
41610,37000,경기도,광주시,,남한산성면,경기도 광주시 남한산성면,일반제조
41610,10100,경기도,광주시,,경안동,경기도 광주시 경안동,일반제조
41610,11400,경기도,광주시,,고산동,경기도 광주시 고산동,일반제조
41610,25930,경기도,광주시,,곤지암읍 건업리,경기도 광주시 곤지암읍 건업리,일반제조
41610,11600,경기도,광주시,,능평동,경기도 광주시 능평동,일반제조
41610,11900,경기도,광주시,,매산동,경기도 광주시 매산동,일반제조
41610,11300,경기도,광주시,,목동,경기도 광주시 목동,일반제조
41610,10600,경기도,광주시,,목현동,경기도 광주시 목현동,일반제조
41610,11700,경기도,광주시,,문형동,경기도 광주시 문형동,일반제조
41610,10700,경기도,광주시,,삼동,경기도 광주시 삼동,일반제조
41610,10300,경기도,광주시,,송정동,경기도 광주시 송정동,일반제조
41610,11500,경기도,광주시,,신현동,경기도 광주시 신현동,일반제조
41610,10200,경기도,광주시,,쌍령동,경기도 광주시 쌍령동,일반제조
41610,12000,경기도,광주시,,양벌동,경기도 광주시 양벌동,일반제조
41610,11200,경기도,광주시,,역동,경기도 광주시 역동,일반제조
41610,11100,경기도,광주시,,장지동,경기도 광주시 장지동,일반제조
41650,25000,경기도,포천시,,소흘읍,경기도 포천시 소흘읍,일반제조
41650,31000,경기도,포천시,,군내면,경기도 포천시 군내면,일반제조
41650,32000,경기도,포천시,,내촌면,경기도 포천시 내촌면,일반제조
41650,33000,경기도,포천시,,가산면,경기도 포천시 가산면,일반제조
41650,34000,경기도,포천시,,신북면,경기도 포천시 신북면,일반제조
41650,35000,경기도,포천시,,창수면,경기도 포천시 창수면,일반제조
41650,36000,경기도,포천시,,영중면,경기도 포천시 영중면,일반제조
41650,37000,경기도,포천시,,일동면,경기도 포천시 일동면,일반제조
41650,38000,경기도,포천시,,이동면,경기도 포천시 이동면,일반제조
41650,39000,경기도,포천시,,영북면,경기도 포천시 영북면,일반제조
41650,40000,경기도,포천시,,관인면,경기도 포천시 관인면,일반제조
41650,41000,경기도,포천시,,화현면,경기도 포천시 화현면,일반제조
41650,10600,경기도,포천시,,동교동,경기도 포천시 동교동,일반제조
41650,10400,경기도,포천시,,선단동,경기도 포천시 선단동,일반제조
41650,10500,경기도,포천시,,설운동,경기도 포천시 설운동,일반제조
41650,34030,경기도,포천시,,신북면 갈월리,경기도 포천시 신북면 갈월리,일반제조
41650,10100,경기도,포천시,,신읍동,경기도 포천시 신읍동,일반제조
41650,10200,경기도,포천시,,어룡동,경기도 포천시 어룡동,일반제조
41650,10300,경기도,포천시,,자작동,경기도 포천시 자작동,일반제조
41670,25000,경기도,여주시,,가남읍,경기도 여주시 가남읍,일반제조
41670,31000,경기도,여주시,,점동면,경기도 여주시 점동면,일반제조
41670,32000,경기도,여주시,,흥천면,경기도 여주시 흥천면,일반제조
41670,33000,경기도,여주시,,금사면,경기도 여주시 금사면,일반제조
41670,34500,경기도,여주시,,세종대왕면,경기도 여주시 세종대왕면,일반제조
41670,35000,경기도,여주시,,대신면,경기도 여주시 대신면,일반제조
41670,36000,경기도,여주시,,북내면,경기도 여주시 북내면,일반제조
41670,37000,경기도,여주시,,강천면,경기도 여주시 강천면,일반제조
41670,38000,경기도,여주시,,산북면,경기도 여주시 산북면,일반제조
41670,25040,경기도,여주시,,가남읍 삼승리,경기도 여주시 가남읍 삼승리,일반제조
41670,25030,경기도,여주시,,가남읍 정단리,경기도 여주시 가남읍 정단리,일반제조
41670,11000,경기도,여주시,,가업동,경기도 여주시 가업동,일반제조
41670,10800,경기도,여주시,,교동,경기도 여주시 교동,일반제조
41670,33030,경기도,여주시,,금사면 금사리,경기도 여주시 금사면 금사리,일반제조
41670,11600,경기도,여주시,,능현동,경기도 여주시 능현동,일반제조
41670,10500,경기도,여주시,,단현동,경기도 여주시 단현동,일반제조
41670,35030,경기도,여주시,,대신면 무촌리,경기도 여주시 대신면 무촌리,일반제조
41670,11900,경기도,여주시,,매룡동,경기도 여주시 매룡동,일반제조
41670,11700,경기도,여주시,,멱곡동,경기도 여주시 멱곡동,일반제조
41670,36030,경기도,여주시,,북내면 장암리,경기도 여주시 북내면 장암리,일반제조
41670,11400,경기도,여주시,,삼교동,경기도 여주시 삼교동,일반제조
41670,11200,경기도,여주시,,상거동,경기도 여주시 상거동,일반제조
41670,10100,경기도,여주시,,상동,경기도 여주시 상동,일반제조
41670,34530,경기도,여주시,,세종대왕면 광대리,경기도 여주시 세종대왕면 광대리,일반제조
43111,31000,충청북도,청주시,상당구,낭성면,충청북도 청주시 상당구 낭성면,이차전지|제약_바이오
43111,32000,충청북도,청주시,상당구,미원면,충청북도 청주시 상당구 미원면,이차전지|제약_바이오
43111,33000,충청북도,청주시,상당구,가덕면,충청북도 청주시 상당구 가덕면,이차전지|제약_바이오
43111,34000,충청북도,청주시,상당구,남일면,충청북도 청주시 상당구 남일면,이차전지|제약_바이오
43111,35000,충청북도,청주시,상당구,문의면,충청북도 청주시 상당구 문의면,이차전지|제약_바이오
43111,33030,충청북도,청주시,상당구,가덕면 시동리,충청북도 청주시 상당구 가덕면 시동리,이차전지|제약_바이오
43111,12000,충청북도,청주시,상당구,금천동,충청북도 청주시 상당구 금천동,이차전지|제약_바이오
43111,10500,충청북도,청주시,상당구,남문로1가,충청북도 청주시 상당구 남문로1가,이차전지|제약_바이오
43111,10600,충청북도,청주시,상당구,남문로2가,충청북도 청주시 상당구 남문로2가,이차전지|제약_바이오
43111,34030,충청북도,청주시,상당구,남일면 가산리,충청북도 청주시 상당구 남일면 가산리,이차전지|제약_바이오
43111,11000,충청북도,청주시,상당구,남주동,충청북도 청주시 상당구 남주동,이차전지|제약_바이오
43111,31030,충청북도,청주시,상당구,낭성면 삼산리,충청북도 청주시 상당구 낭성면 삼산리,이차전지|제약_바이오
43111,11800,충청북도,청주시,상당구,대성동,충청북도 청주시 상당구 대성동,이차전지|제약_바이오
43111,12200,충청북도,청주시,상당구,명암동,충청북도 청주시 상당구 명암동,이차전지|제약_바이오
43111,35040,충청북도,청주시,상당구,문의면 마동리,충청북도 청주시 상당구 문의면 마동리,이차전지|제약_바이오
43111,35030,충청북도,청주시,상당구,문의면 후곡리,충청북도 청주시 상당구 문의면 후곡리,이차전지|제약_바이오
43111,10700,충청북도,청주시,상당구,문화동,충청북도 청주시 상당구 문화동,이차전지|제약_바이오
43111,32040,충청북도,청주시,상당구,미원면 월용리,충청북도 청주시 상당구 미원면 월용리,이차전지|제약_바이오
43111,32030,충청북도,청주시,상당구,미원면 화원리,충청북도 청주시 상당구 미원면 화원리,이차전지|제약_바이오
43111,12600,충청북도,청주시,상당구,방서동,충청북도 청주시 상당구 방서동,이차전지|제약_바이오
43111,10200,충청북도,청주시,상당구,북문로1가,충청북도 청주시 상당구 북문로1가,이차전지|제약_바이오
43111,10300,충청북도,청주시,상당구,북문로2가,충청북도 청주시 상당구 북문로2가,이차전지|제약_바이오
43111,10400,충청북도,청주시,상당구,북문로3가,충청북도 청주시 상당구 북문로3가,이차전지|제약_바이오
43111,12300,충청북도,청주시,상당구,산성동,충청북도 청주시 상당구 산성동,이차전지|제약_바이오
43111,10900,충청북도,청주시,상당구,서문동,충청북도 청주시 상당구 서문동,이차전지|제약_바이오
43111,10800,충청북도,청주시,상당구,서운동,충청북도 청주시 상당구 서운동,이차전지|제약_바이오
43111,11100,충청북도,청주시,상당구,석교동,충청북도 청주시 상당구 석교동,이차전지|제약_바이오
43111,11200,충청북도,청주시,상당구,수동,충청북도 청주시 상당구 수동,이차전지|제약_바이오
43111,10100,충청북도,청주시,상당구,영동,충청북도 청주시 상당구 영동,이차전지|제약_바이오
43111,11900,충청북도,청주시,상당구,영운동,충청북도 청주시 상당구 영운동,이차전지|제약_바이오
43112,31000,충청북도,청주시,서원구,남이면,충청북도 청주시 서원구 남이면,이차전지|제약_바이오
43112,32000,충청북도,청주시,서원구,현도면,충청북도 청주시 서원구 현도면,이차전지|제약_바이오
43112,10900,충청북도,청주시,서원구,개신동,충청북도 청주시 서원구 개신동,이차전지|제약_바이오
43112,31040,충청북도,청주시,서원구,남이면 부용외천리,충청북도 청주시 서원구 남이면 부용외천리,이차전지|제약_바이오
43112,31030,충청북도,청주시,서원구,남이면 팔봉리,충청북도 청주시 서원구 남이면 팔봉리,이차전지|제약_바이오
43112,10300,충청북도,청주시,서원구,모충동,충청북도 청주시 서원구 모충동,이차전지|제약_바이오
43112,10500,충청북도,청주시,서원구,미평동,충청북도 청주시 서원구 미평동,이차전지|제약_바이오
43112,10600,충청북도,청주시,서원구,분평동,충청북도 청주시 서원구 분평동,이차전지|제약_바이오
43112,10100,충청북도,청주시,서원구,사직동,충청북도 청주시 서원구 사직동,이차전지|제약_바이오
43112,10200,충청북도,청주시,서원구,사창동,충청북도 청주시 서원구 사창동,이차전지|제약_바이오
43112,10400,충청북도,청주시,서원구,산남동,충청북도 청주시 서원구 산남동,이차전지|제약_바이오
43112,10800,충청북도,청주시,서원구,성화동,충청북도 청주시 서원구 성화동,이차전지|제약_바이오
43112,10700,충청북도,청주시,서원구,수곡동,충청북도 청주시 서원구 수곡동,이차전지|제약_바이오
43112,11100,충청북도,청주시,서원구,장성동,충청북도 청주시 서원구 장성동,이차전지|제약_바이오
43112,11200,충청북도,청주시,서원구,장암동,충청북도 청주시 서원구 장암동,이차전지|제약_바이오
43112,11000,충청북도,청주시,서원구,죽림동,충청북도 청주시 서원구 죽림동,이차전지|제약_바이오
43112,32030,충청북도,청주시,서원구,현도면 노산리,충청북도 청주시 서원구 현도면 노산리,이차전지|제약_바이오
43113,25000,충청북도,청주시,흥덕구,오송읍,충청북도 청주시 흥덕구 오송읍,이차전지|제약_바이오
43113,31000,충청북도,청주시,흥덕구,강내면,충청북도 청주시 흥덕구 강내면,이차전지|제약_바이오
43113,32000,충청북도,청주시,흥덕구,옥산면,충청북도 청주시 흥덕구 옥산면,이차전지|제약_바이오
43113,11300,충청북도,청주시,흥덕구,가경동,충청북도 청주시 흥덕구 가경동,이차전지|제약_바이오
43113,31030,충청북도,청주시,흥덕구,강내면 월탄리,충청북도 청주시 흥덕구 강내면 월탄리,이차전지|제약_바이오
43113,11700,충청북도,청주시,흥덕구,강서동,충청북도 청주시 흥덕구 강서동,이차전지|제약_바이오
43113,12900,충청북도,청주시,흥덕구,남촌동,충청북도 청주시 흥덕구 남촌동,이차전지|제약_바이오
43113,13000,충청북도,청주시,흥덕구,내곡동,충청북도 청주시 흥덕구 내곡동,이차전지|제약_바이오
43113,12200,충청북도,청주시,흥덕구,동막동,충청북도 청주시 흥덕구 동막동,이차전지|제약_바이오
43113,13300,충청북도,청주시,흥덕구,문암동,충청북도 청주시 흥덕구 문암동,이차전지|제약_바이오
43113,11400,충청북도,청주시,흥덕구,복대동,충청북도 청주시 흥덕구 복대동,이차전지|제약_바이오
43113,11500,충청북도,청주시,흥덕구,봉명동,충청북도 청주시 흥덕구 봉명동,이차전지|제약_바이오
43113,13800,충청북도,청주시,흥덕구,비하동,충청북도 청주시 흥덕구 비하동,이차전지|제약_바이오
43113,13100,충청북도,청주시,흥덕구,상신동,충청북도 청주시 흥덕구 상신동,이차전지|제약_바이오
43113,12500,충청북도,청주시,흥덕구,서촌동,충청북도 청주시 흥덕구 서촌동,이차전지|제약_바이오
43113,11800,충청북도,청주시,흥덕구,석곡동,충청북도 청주시 흥덕구 석곡동,이차전지|제약_바이오
43113,13900,충청북도,청주시,흥덕구,석소동,충청북도 청주시 흥덕구 석소동,이차전지|제약_바이오
43113,13400,충청북도,청주시,흥덕구,송절동,충청북도 청주시 흥덕구 송절동,이차전지|제약_바이오
43113,11600,충청북도,청주시,흥덕구,송정동,충청북도 청주시 흥덕구 송정동,이차전지|제약_바이오
43113,12300,충청북도,청주시,흥덕구,수의동,충청북도 청주시 흥덕구 수의동,이차전지|제약_바이오
43113,12800,충청북도,청주시,흥덕구,신대동,충청북도 청주시 흥덕구 신대동,이차전지|제약_바이오
43113,10500,충청북도,청주시,흥덕구,신봉동,충청북도 청주시 흥덕구 신봉동,이차전지|제약_바이오
43113,12600,충청북도,청주시,흥덕구,신성동,충청북도 청주시 흥덕구 신성동,이차전지|제약_바이오
43113,12000,충청북도,청주시,흥덕구,신전동,충청북도 청주시 흥덕구 신전동,이차전지|제약_바이오
43113,14100,충청북도,청주시,흥덕구,신촌동,충청북도 청주시 흥덕구 신촌동,이차전지|제약_바이오
43113,25030,충청북도,청주시,흥덕구,오송읍 서평리,충청북도 청주시 흥덕구 오송읍 서평리,이차전지|제약_바이오
43113,32030,충청북도,청주시,흥덕구,옥산면 수락리,충청북도 청주시 흥덕구 옥산면 수락리,이차전지|제약_바이오
43113,13600,충청북도,청주시,흥덕구,외북동,충청북도 청주시 흥덕구 외북동,이차전지|제약_바이오
43114,25000,충청북도,청주시,청원구,내수읍,충청북도 청주시 청원구 내수읍,이차전지|제약_바이오
43114,25300,충청북도,청주시,청원구,오창읍,충청북도 청주시 청원구 오창읍,이차전지|제약_바이오
43114,31000,충청북도,청주시,청원구,북이면,충청북도 청주시 청원구 북이면,이차전지|제약_바이오
43114,10200,충청북도,청주시,청원구,내덕동,충청북도 청주시 청원구 내덕동,이차전지|제약_바이오
43114,25030,충청북도,청주시,청원구,내수읍 우산리,충청북도 청주시 청원구 내수읍 우산리,이차전지|제약_바이오
43114,25040,충청북도,청주시,청원구,내수읍 입상리,충청북도 청주시 청원구 내수읍 입상리,이차전지|제약_바이오
43114,31030,충청북도,청주시,청원구,북이면 부연리,충청북도 청주시 청원구 북이면 부연리,이차전지|제약_바이오
43114,31040,충청북도,청주시,청원구,북이면 용계리,충청북도 청주시 청원구 북이면 용계리,이차전지|제약_바이오
43114,10400,충청북도,청주시,청원구,사천동,충청북도 청주시 청원구 사천동,이차전지|제약_바이오
43114,11000,충청북도,청주시,청원구,오동동,충청북도 청주시 청원구 오동동,이차전지|제약_바이오
43114,25330,충청북도,청주시,청원구,오창읍 장대리,충청북도 청주시 청원구 오창읍 장대리,이차전지|제약_바이오
43114,25340,충청북도,청주시,청원구,오창읍 탑리,충청북도 청주시 청원구 오창읍 탑리,이차전지|제약_바이오
43114,25350,충청북도,청주시,청원구,오창읍 화산리(花山),충청북도 청주시 청원구 오창읍 화산리(花山),이차전지|제약_바이오
43114,11100,충청북도,청주시,청원구,외남동,충청북도 청주시 청원구 외남동,이차전지|제약_바이오
43114,11200,충청북도,청주시,청원구,외평동,충청북도 청주시 청원구 외평동,이차전지|제약_바이오
43114,11300,충청북도,청주시,청원구,외하동,충청북도 청주시 청원구 외하동,이차전지|제약_바이오
43114,10100,충청북도,청주시,청원구,우암동,충청북도 청주시 청원구 우암동,이차전지|제약_바이오
43114,10300,충청북도,청주시,청원구,율량동,충청북도 청주시 청원구 율량동,이차전지|제약_바이오
43114,10900,충청북도,청주시,청원구,정북동,충청북도 청주시 청원구 정북동,이차전지|제약_바이오
43114,10700,충청북도,청주시,청원구,정상동,충청북도 청주시 청원구 정상동,이차전지|제약_바이오
43114,10800,충청북도,청주시,청원구,정하동,충청북도 청주시 청원구 정하동,이차전지|제약_바이오
43114,10500,충청북도,청주시,청원구,주성동,충청북도 청주시 청원구 주성동,이차전지|제약_바이오
43114,10600,충청북도,청주시,청원구,주중동,충청북도 청주시 청원구 주중동,이차전지|제약_바이오
43750,25000,충청북도,진천군,,진천읍,충청북도 진천군 진천읍,이차전지|제약_바이오
43750,25300,충청북도,진천군,,덕산읍,충청북도 진천군 덕산읍,이차전지|제약_바이오
43750,32000,충청북도,진천군,,초평면,충청북도 진천군 초평면,이차전지
43750,33000,충청북도,진천군,,문백면,충청북도 진천군 문백면,이차전지|제약_바이오
43750,34000,충청북도,진천군,,백곡면,충청북도 진천군 백곡면,이차전지
43750,35000,충청북도,진천군,,이월면,충청북도 진천군 이월면,이차전지|제약_바이오
43750,37000,충청북도,진천군,,광혜원면,충청북도 진천군 광혜원면,이차전지|제약_바이오
43750,25330,충청북도,진천군,,덕산읍 용몽리,충청북도 진천군 덕산읍 용몽리,이차전지
43750,33030,충청북도,진천군,,문백면 옥성리,충청북도 진천군 문백면 옥성리,이차전지
43750,35030,충청북도,진천군,,이월면 신계리,충청북도 진천군 이월면 신계리,이차전지
43750,25040,충청북도,진천군,,진천읍 산척리,충청북도 진천군 진천읍 산척리,이차전지
43750,25030,충청북도,진천군,,진천읍 지암리,충청북도 진천군 진천읍 지암리,이차전지
43750,32030,충청북도,진천군,,초평면 은암리,충청북도 진천군 초평면 은암리,이차전지
43770,25000,충청북도,음성군,,음성읍,충청북도 음성군 음성읍,이차전지
43770,25300,충청북도,음성군,,금왕읍,충청북도 음성군 금왕읍,이차전지|제약_바이오
43770,25600,충청북도,음성군,,대소읍,충청북도 음성군 대소읍,이차전지|제약_바이오
43770,31000,충청북도,음성군,,소이면,충청북도 음성군 소이면,이차전지
43770,32000,충청북도,음성군,,원남면,충청북도 음성군 원남면,이차전지
43770,33000,충청북도,음성군,,맹동면,충청북도 음성군 맹동면,이차전지|제약_바이오
43770,35000,충청북도,음성군,,삼성면,충청북도 음성군 삼성면,이차전지|제약_바이오
43770,36000,충청북도,음성군,,생극면,충청북도 음성군 생극면,이차전지
43770,37000,충청북도,음성군,,감곡면,충청북도 음성군 감곡면,이차전지|제약_바이오
43770,37030,충청북도,음성군,,감곡면 상우리,충청북도 음성군 감곡면 상우리,이차전지
43770,25340,충청북도,음성군,,금왕읍 각회리,충청북도 음성군 금왕읍 각회리,이차전지
43770,25330,충청북도,음성군,,금왕읍 본대리,충청북도 음성군 금왕읍 본대리,이차전지
43770,25630,충청북도,음성군,,대소읍 내산리,충청북도 음성군 대소읍 내산리,이차전지
43770,33030,충청북도,음성군,,맹동면 군자리,충청북도 음성군 맹동면 군자리,이차전지
43770,35030,충청북도,음성군,,삼성면 능산리,충청북도 음성군 삼성면 능산리,이차전지
43770,36030,충청북도,음성군,,생극면 차곡리,충청북도 음성군 생극면 차곡리,이차전지
43770,32030,충청북도,음성군,,원남면 문암리,충청북도 음성군 원남면 문암리,이차전지
43770,25030,충청북도,음성군,,음성읍 초천리,충청북도 음성군 음성읍 초천리,이차전지
44131,25000,충청남도,천안시,동남구,목천읍,충청남도 천안시 동남구 목천읍,반도체_디스플레이
44131,31000,충청남도,천안시,동남구,풍세면,충청남도 천안시 동남구 풍세면,반도체_디스플레이|제약_바이오
44131,32000,충청남도,천안시,동남구,광덕면,충청남도 천안시 동남구 광덕면,반도체_디스플레이
44131,33000,충청남도,천안시,동남구,북면,충청남도 천안시 동남구 북면,반도체_디스플레이
44131,34000,충청남도,천안시,동남구,성남면,충청남도 천안시 동남구 성남면,반도체_디스플레이
44131,35000,충청남도,천안시,동남구,수신면,충청남도 천안시 동남구 수신면,반도체_디스플레이
44131,36000,충청남도,천안시,동남구,병천면,충청남도 천안시 동남구 병천면,반도체_디스플레이
44131,37000,충청남도,천안시,동남구,동면,충청남도 천안시 동남구 동면,반도체_디스플레이
44131,32030,충청남도,천안시,동남구,광덕면 대평리,충청남도 천안시 동남구 광덕면 대평리,반도체_디스플레이
44131,12000,충청남도,천안시,동남구,구룡동,충청남도 천안시 동남구 구룡동,반도체_디스플레이
44131,10800,충청남도,천안시,동남구,구성동,충청남도 천안시 동남구 구성동,반도체_디스플레이
44131,11400,충청남도,천안시,동남구,다가동,충청남도 천안시 동남구 다가동,반도체_디스플레이
44131,10100,충청남도,천안시,동남구,대흥동,충청남도 천안시 동남구 대흥동,반도체_디스플레이
44131,37030,충청남도,천안시,동남구,동면 수남리,충청남도 천안시 동남구 동면 수남리,반도체_디스플레이
44131,25030,충청남도,천안시,동남구,목천읍 남화리,충청남도 천안시 동남구 목천읍 남화리,반도체_디스플레이
44131,10300,충청남도,천안시,동남구,문화동,충청남도 천안시 동남구 문화동,반도체_디스플레이
44131,11300,충청남도,천안시,동남구,봉명동,충청남도 천안시 동남구 봉명동,반도체_디스플레이
44131,33030,충청남도,천안시,동남구,북면 양곡리,충청남도 천안시 동남구 북면 양곡리,반도체_디스플레이
44131,10400,충청남도,천안시,동남구,사직동,충청남도 천안시 동남구 사직동,반도체_디스플레이
44131,11000,충청남도,천안시,동남구,삼룡동,충청남도 천안시 동남구 삼룡동,반도체_디스플레이
44131,10200,충청남도,천안시,동남구,성황동,충청남도 천안시 동남구 성황동,반도체_디스플레이
44131,11600,충청남도,천안시,동남구,신방동,충청남도 천안시 동남구 신방동,반도체_디스플레이
44131,11800,충청남도,천안시,동남구,신부동,충청남도 천안시 동남구 신부동,반도체_디스플레이
44131,11700,충청남도,천안시,동남구,쌍용동,충청남도 천안시 동남구 쌍용동,반도체_디스플레이
44131,11900,충청남도,천안시,동남구,안서동,충청남도 천안시 동남구 안서동,반도체_디스플레이
44131,10500,충청남도,천안시,동남구,영성동,충청남도 천안시 동남구 영성동,반도체_디스플레이
44131,10600,충청남도,천안시,동남구,오룡동,충청남도 천안시 동남구 오룡동,반도체_디스플레이
44131,11500,충청남도,천안시,동남구,용곡동,충청남도 천안시 동남구 용곡동,반도체_디스플레이
44131,10700,충청남도,천안시,동남구,원성동,충청남도 천안시 동남구 원성동,반도체_디스플레이
44131,11200,충청남도,천안시,동남구,유량동,충청남도 천안시 동남구 유량동,반도체_디스플레이
44131,11100,충청남도,천안시,동남구,청당동,충청남도 천안시 동남구 청당동,반도체_디스플레이
44131,10900,충청남도,천안시,동남구,청수동,충청남도 천안시 동남구 청수동,반도체_디스플레이
44133,25000,충청남도,천안시,서북구,성환읍,충청남도 천안시 서북구 성환읍,반도체_디스플레이
44133,25300,충청남도,천안시,서북구,성거읍,충청남도 천안시 서북구 성거읍,반도체_디스플레이|제약_바이오
44133,25600,충청남도,천안시,서북구,직산읍,충청남도 천안시 서북구 직산읍,반도체_디스플레이|제약_바이오
44133,31000,충청남도,천안시,서북구,입장면,충청남도 천안시 서북구 입장면,반도체_디스플레이
44133,10400,충청남도,천안시,서북구,두정동,충청남도 천안시 서북구 두정동,반도체_디스플레이
44133,10300,충청남도,천안시,서북구,백석동,충청남도 천안시 서북구 백석동,반도체_디스플레이
44133,11100,충청남도,천안시,서북구,부대동,충청남도 천안시 서북구 부대동,반도체_디스플레이
44133,10800,충청남도,천안시,서북구,불당동,충청남도 천안시 서북구 불당동,반도체_디스플레이
44133,25330,충청남도,천안시,서북구,성거읍 석교리,충청남도 천안시 서북구 성거읍 석교리,반도체_디스플레이
44133,10500,충청남도,천안시,서북구,성성동,충청남도 천안시 서북구 성성동,반도체_디스플레이
44133,10200,충청남도,천안시,서북구,성정동,충청남도 천안시 서북구 성정동,반도체_디스플레이
44133,25030,충청남도,천안시,서북구,성환읍 복모리,충청남도 천안시 서북구 성환읍 복모리,반도체_디스플레이
44133,11000,충청남도,천안시,서북구,신당동,충청남도 천안시 서북구 신당동,반도체_디스플레이
44133,10700,충청남도,천안시,서북구,쌍용동,충청남도 천안시 서북구 쌍용동,반도체_디스플레이
44133,10900,충청남도,천안시,서북구,업성동,충청남도 천안시 서북구 업성동,반도체_디스플레이
44133,10100,충청남도,천안시,서북구,와촌동,충청남도 천안시 서북구 와촌동,반도체_디스플레이
44133,31030,충청남도,천안시,서북구,입장면 신덕리,충청남도 천안시 서북구 입장면 신덕리,반도체_디스플레이
44133,25630,충청남도,천안시,서북구,직산읍 자은가리,충청남도 천안시 서북구 직산읍 자은가리,반도체_디스플레이
44133,10600,충청남도,천안시,서북구,차암동,충청남도 천안시 서북구 차암동,반도체_디스플레이
44180,25000,충청남도,보령시,,웅천읍,충청남도 보령시 웅천읍,일반제조
44180,31000,충청남도,보령시,,주포면,충청남도 보령시 주포면,일반제조
44180,32000,충청남도,보령시,,오천면,충청남도 보령시 오천면,일반제조
44180,33000,충청남도,보령시,,천북면,충청남도 보령시 천북면,일반제조
44180,34000,충청남도,보령시,,청소면,충청남도 보령시 청소면,일반제조
44180,35000,충청남도,보령시,,청라면,충청남도 보령시 청라면,일반제조
44180,36000,충청남도,보령시,,남포면,충청남도 보령시 남포면,일반제조
44180,38000,충청남도,보령시,,주산면,충청남도 보령시 주산면,일반제조
44180,39000,충청남도,보령시,,미산면,충청남도 보령시 미산면,일반제조
44180,40000,충청남도,보령시,,성주면,충청남도 보령시 성주면,일반제조
44180,41000,충청남도,보령시,,주교면,충청남도 보령시 주교면,일반제조
44180,10600,충청남도,보령시,,궁촌동,충청남도 보령시 궁촌동,일반제조
44180,10800,충청남도,보령시,,남곡동,충청남도 보령시 남곡동,일반제조
44180,36030,충청남도,보령시,,남포면 신흥리,충청남도 보령시 남포면 신흥리,일반제조
44180,10700,충청남도,보령시,,내항동,충청남도 보령시 내항동,일반제조
44180,10100,충청남도,보령시,,대천동,충청남도 보령시 대천동,일반제조
44180,10400,충청남도,보령시,,동대동,충청남도 보령시 동대동,일반제조
44180,10500,충청남도,보령시,,명천동,충청남도 보령시 명천동,일반제조
44180,39030,충청남도,보령시,,미산면 내평리,충청남도 보령시 미산면 내평리,일반제조
44180,11000,충청남도,보령시,,신흑동,충청남도 보령시 신흑동,일반제조
44180,32030,충청남도,보령시,,오천면 외연도리,충청남도 보령시 오천면 외연도리,일반제조
44180,10900,충청남도,보령시,,요암동,충청남도 보령시 요암동,일반제조
44180,25030,충청남도,보령시,,웅천읍 소황리,충청남도 보령시 웅천읍 소황리,일반제조
44180,38030,충청남도,보령시,,주산면 삼곡리,충청남도 보령시 주산면 삼곡리,일반제조
44180,10200,충청남도,보령시,,죽정동,충청남도 보령시 죽정동,일반제조
44180,35030,충청남도,보령시,,청라면 신산리,충청남도 보령시 청라면 신산리,일반제조
44200,25000,충청남도,아산시,,염치읍,충청남도 아산시 염치읍,반도체_디스플레이
44200,25300,충청남도,아산시,,배방읍,충청남도 아산시 배방읍,반도체_디스플레이
44200,31000,충청남도,아산시,,송악면,충청남도 아산시 송악면,반도체_디스플레이
44200,33000,충청남도,아산시,,탕정면,충청남도 아산시 탕정면,반도체_디스플레이|제약_바이오
44200,35000,충청남도,아산시,,음봉면,충청남도 아산시 음봉면,반도체_디스플레이
44200,36000,충청남도,아산시,,둔포면,충청남도 아산시 둔포면,반도체_디스플레이|제약_바이오
44200,37000,충청남도,아산시,,영인면,충청남도 아산시 영인면,반도체_디스플레이
44200,38000,충청남도,아산시,,인주면,충청남도 아산시 인주면,반도체_디스플레이
44200,39000,충청남도,아산시,,선장면,충청남도 아산시 선장면,반도체_디스플레이
44200,40000,충청남도,아산시,,도고면,충청남도 아산시 도고면,반도체_디스플레이|제약_바이오
44200,41000,충청남도,아산시,,신창면,충청남도 아산시 신창면,반도체_디스플레이|제약_바이오
44200,11400,충청남도,아산시,,권곡동,충청남도 아산시 권곡동,반도체_디스플레이
44200,10400,충청남도,아산시,,기산동,충청남도 아산시 기산동,반도체_디스플레이
44200,11900,충청남도,아산시,,남동,충청남도 아산시 남동,반도체_디스플레이
44200,40030,충청남도,아산시,,도고면 오암리,충청남도 아산시 도고면 오암리,반도체_디스플레이
44200,36030,충청남도,아산시,,둔포면 봉재리,충청남도 아산시 둔포면 봉재리,반도체_디스플레이
44200,11600,충청남도,아산시,,득산동,충청남도 아산시 득산동,반도체_디스플레이
44200,11300,충청남도,아산시,,모종동,충청남도 아산시 모종동,반도체_디스플레이
44200,10300,충청남도,아산시,,방축동,충청남도 아산시 방축동,반도체_디스플레이
44200,11500,충청남도,아산시,,배미동,충청남도 아산시 배미동,반도체_디스플레이
44200,25330,충청남도,아산시,,배방읍 휴대리,충청남도 아산시 배방읍 휴대리,반도체_디스플레이
44200,10700,충청남도,아산시,,법곡동,충청남도 아산시 법곡동,반도체_디스플레이
44200,39030,충청남도,아산시,,선장면 대흥리,충청남도 아산시 선장면 대흥리,반도체_디스플레이
44200,31030,충청남도,아산시,,송악면 거산리,충청남도 아산시 송악면 거산리,반도체_디스플레이
44200,11800,충청남도,아산시,,신동,충청남도 아산시 신동,반도체_디스플레이
44200,10600,충청남도,아산시,,신인동,충청남도 아산시 신인동,반도체_디스플레이
44200,41030,충청남도,아산시,,신창면 가덕리,충청남도 아산시 신창면 가덕리,반도체_디스플레이
44200,10200,충청남도,아산시,,실옥동,충청남도 아산시 실옥동,반도체_디스플레이
44200,25030,충청남도,아산시,,염치읍 석정리,충청남도 아산시 염치읍 석정리,반도체_디스플레이
44200,37030,충청남도,아산시,,영인면 신봉리,충청남도 아산시 영인면 신봉리,반도체_디스플레이
44200,10100,충청남도,아산시,,온천동,충청남도 아산시 온천동,반도체_디스플레이
44200,11200,충청남도,아산시,,용화동,충청남도 아산시 용화동,반도체_디스플레이
44200,35030,충청남도,아산시,,음봉면 쌍암리,충청남도 아산시 음봉면 쌍암리,반도체_디스플레이
44200,11000,충청남도,아산시,,읍내동,충청남도 아산시 읍내동,반도체_디스플레이
44200,38030,충청남도,아산시,,인주면 도흥리,충청남도 아산시 인주면 도흥리,반도체_디스플레이
44200,10800,충청남도,아산시,,장존동,충청남도 아산시 장존동,반도체_디스플레이
44210,25000,충청남도,서산시,,대산읍,충청남도 서산시 대산읍,이차전지|제약_바이오
44210,31000,충청남도,서산시,,인지면,충청남도 서산시 인지면,이차전지
44210,32000,충청남도,서산시,,부석면,충청남도 서산시 부석면,이차전지
44210,33000,충청남도,서산시,,팔봉면,충청남도 서산시 팔봉면,이차전지
44210,34000,충청남도,서산시,,지곡면,충청남도 서산시 지곡면,이차전지
44210,36000,충청남도,서산시,,성연면,충청남도 서산시 성연면,이차전지
44210,37000,충청남도,서산시,,음암면,충청남도 서산시 음암면,이차전지
44210,38000,충청남도,서산시,,운산면,충청남도 서산시 운산면,이차전지
44210,39000,충청남도,서산시,,해미면,충청남도 서산시 해미면,이차전지
44210,40000,충청남도,서산시,,고북면,충청남도 서산시 고북면,이차전지
44210,10300,충청남도,서산시,,갈산동,충청남도 서산시 갈산동,이차전지
44210,40030,충청남도,서산시,,고북면 양천리,충청남도 서산시 고북면 양천리,이차전지
44210,25030,충청남도,서산시,,대산읍 영탑리,충청남도 서산시 대산읍 영탑리,이차전지
44210,11400,충청남도,서산시,,덕지천동,충청남도 서산시 덕지천동,이차전지
44210,10200,충청남도,서산시,,동문동,충청남도 서산시 동문동,이차전지
44210,32030,충청남도,서산시,,부석면 칠전리,충청남도 서산시 부석면 칠전리,이차전지
44210,10800,충청남도,서산시,,석남동,충청남도 서산시 석남동,이차전지
44210,10700,충청남도,서산시,,석림동,충청남도 서산시 석림동,이차전지
44210,10600,충청남도,서산시,,수석동,충청남도 서산시 수석동,이차전지
44210,11100,충청남도,서산시,,양대동,충청남도 서산시 양대동,이차전지
44210,10900,충청남도,서산시,,예천동,충청남도 서산시 예천동,이차전지
44210,11200,충청남도,서산시,,오남동,충청남도 서산시 오남동,이차전지
44210,10400,충청남도,서산시,,온석동,충청남도 서산시 온석동,이차전지
44210,38030,충청남도,서산시,,운산면 수당리,충청남도 서산시 운산면 수당리,이차전지
44210,37030,충청남도,서산시,,음암면 부장리,충청남도 서산시 음암면 부장리,이차전지
44210,10100,충청남도,서산시,,읍내동,충청남도 서산시 읍내동,이차전지
44210,31030,충청남도,서산시,,인지면 풍전리,충청남도 서산시 인지면 풍전리,이차전지
44210,10500,충청남도,서산시,,잠홍동,충청남도 서산시 잠홍동,이차전지
44210,11300,충청남도,서산시,,장동,충청남도 서산시 장동,이차전지
44210,11000,충청남도,서산시,,죽성동,충청남도 서산시 죽성동,이차전지
44210,39030,충청남도,서산시,,해미면 동암리,충청남도 서산시 해미면 동암리,이차전지
44210,39040,충청남도,서산시,,해미면 석포리,충청남도 서산시 해미면 석포리,이차전지
44230,25000,충청남도,논산시,,강경읍,충청남도 논산시 강경읍,일반제조
44230,25300,충청남도,논산시,,연무읍,충청남도 논산시 연무읍,일반제조
44230,31000,충청남도,논산시,,성동면,충청남도 논산시 성동면,일반제조
44230,32000,충청남도,논산시,,광석면,충청남도 논산시 광석면,일반제조
44230,33000,충청남도,논산시,,노성면,충청남도 논산시 노성면,일반제조
44230,34000,충청남도,논산시,,상월면,충청남도 논산시 상월면,일반제조
44230,35000,충청남도,논산시,,부적면,충청남도 논산시 부적면,일반제조
44230,36000,충청남도,논산시,,연산면,충청남도 논산시 연산면,일반제조
44230,38000,충청남도,논산시,,벌곡면,충청남도 논산시 벌곡면,일반제조
44230,39000,충청남도,논산시,,양촌면,충청남도 논산시 양촌면,일반제조
44230,40000,충청남도,논산시,,가야곡면,충청남도 논산시 가야곡면,일반제조
44230,41000,충청남도,논산시,,은진면,충청남도 논산시 은진면,일반제조
44230,42000,충청남도,논산시,,채운면,충청남도 논산시 채운면,일반제조
44230,40030,충청남도,논산시,,가야곡면 두월리,충청남도 논산시 가야곡면 두월리,일반제조
44230,25030,충청남도,논산시,,강경읍 황산리,충청남도 논산시 강경읍 황산리,일반제조
44230,11000,충청남도,논산시,,강산동,충청남도 논산시 강산동,일반제조
44230,11100,충청남도,논산시,,관촉동,충청남도 논산시 관촉동,일반제조
44230,32030,충청남도,논산시,,광석면 항월리,충청남도 논산시 광석면 항월리,일반제조
44230,10900,충청남도,논산시,,내동,충청남도 논산시 내동,일반제조
44230,33030,충청남도,논산시,,노성면 효죽리,충청남도 논산시 노성면 효죽리,일반제조
44230,10300,충청남도,논산시,,대교동,충청남도 논산시 대교동,일반제조
44230,10800,충청남도,논산시,,덕지동,충청남도 논산시 덕지동,일반제조
44230,10600,충청남도,논산시,,등화동,충청남도 논산시 등화동,일반제조
44230,10200,충청남도,논산시,,반월동,충청남도 논산시 반월동,일반제조
44230,38030,충청남도,논산시,,벌곡면 어곡리,충청남도 논산시 벌곡면 어곡리,일반제조
44230,35030,충청남도,논산시,,부적면 신교리,충청남도 논산시 부적면 신교리,일반제조
44230,10400,충청남도,논산시,,부창동,충청남도 논산시 부창동,일반제조
44230,34030,충청남도,논산시,,상월면 학당리,충청남도 논산시 상월면 학당리,일반제조
44270,25000,충청남도,당진시,,합덕읍,충청남도 당진시 합덕읍,이차전지
44270,25300,충청남도,당진시,,송악읍,충청남도 당진시 송악읍,이차전지|제약_바이오
44270,31000,충청남도,당진시,,고대면,충청남도 당진시 고대면,이차전지
44270,32000,충청남도,당진시,,석문면,충청남도 당진시 석문면,이차전지
44270,33000,충청남도,당진시,,대호지면,충청남도 당진시 대호지면,이차전지
44270,34000,충청남도,당진시,,정미면,충청남도 당진시 정미면,이차전지
44270,35000,충청남도,당진시,,면천면,충청남도 당진시 면천면,이차전지
44270,36000,충청남도,당진시,,순성면,충청남도 당진시 순성면,이차전지
44270,37000,충청남도,당진시,,우강면,충청남도 당진시 우강면,이차전지
44270,38000,충청남도,당진시,,신평면,충청남도 당진시 신평면,이차전지
44270,39000,충청남도,당진시,,송산면,충청남도 당진시 송산면,이차전지
44270,11100,충청남도,당진시,,구룡동,충청남도 당진시 구룡동,이차전지
44270,10700,충청남도,당진시,,대덕동,충청남도 당진시 대덕동,이차전지
44270,35030,충청남도,당진시,,면천면 죽동리,충청남도 당진시 면천면 죽동리,이차전지
44270,11000,충청남도,당진시,,사기소동,충청남도 당진시 사기소동,이차전지
44270,39030,충청남도,당진시,,송산면 무수리,충청남도 당진시 송산면 무수리,이차전지
44270,25330,충청남도,당진시,,송악읍 금곡리,충청남도 당진시 송악읍 금곡리,이차전지
44270,25340,충청남도,당진시,,송악읍 정곡리,충청남도 당진시 송악읍 정곡리,이차전지
44270,10600,충청남도,당진시,,수청동,충청남도 당진시 수청동,이차전지
44270,36030,충청남도,당진시,,순성면 성북리,충청남도 당진시 순성면 성북리,이차전지
44270,10500,충청남도,당진시,,시곡동,충청남도 당진시 시곡동,이차전지
44270,38030,충청남도,당진시,,신평면 도성리,충청남도 당진시 신평면 도성리,이차전지
44270,10900,충청남도,당진시,,용연동,충청남도 당진시 용연동,이차전지
44270,37030,충청남도,당진시,,우강면 대포리,충청남도 당진시 우강면 대포리,이차전지
44270,10300,충청남도,당진시,,우두동,충청남도 당진시 우두동,이차전지
44270,10400,충청남도,당진시,,원당동,충청남도 당진시 원당동,이차전지
44270,10100,충청남도,당진시,,읍내동,충청남도 당진시 읍내동,이차전지
44270,34030,충청남도,당진시,,정미면 봉성리,충청남도 당진시 정미면 봉성리,이차전지
44270,10200,충청남도,당진시,,채운동,충청남도 당진시 채운동,이차전지
44270,25030,충청남도,당진시,,합덕읍 옥금리,충청남도 당진시 합덕읍 옥금리,이차전지
44270,10800,충청남도,당진시,,행정동,충청남도 당진시 행정동,이차전지
44800,25000,충청남도,홍성군,,홍성읍,충청남도 홍성군 홍성읍,일반제조
44800,25300,충청남도,홍성군,,광천읍,충청남도 홍성군 광천읍,일반제조
44800,25600,충청남도,홍성군,,홍북읍,충청남도 홍성군 홍북읍,일반제조
44800,32000,충청남도,홍성군,,금마면,충청남도 홍성군 금마면,일반제조
44800,33000,충청남도,홍성군,,홍동면,충청남도 홍성군 홍동면,일반제조
44800,34000,충청남도,홍성군,,장곡면,충청남도 홍성군 장곡면,일반제조
44800,35000,충청남도,홍성군,,은하면,충청남도 홍성군 은하면,일반제조
44800,36000,충청남도,홍성군,,결성면,충청남도 홍성군 결성면,일반제조
44800,37000,충청남도,홍성군,,서부면,충청남도 홍성군 서부면,일반제조
44800,38000,충청남도,홍성군,,갈산면,충청남도 홍성군 갈산면,일반제조
44800,39000,충청남도,홍성군,,구항면,충청남도 홍성군 구항면,일반제조
44800,38030,충청남도,홍성군,,갈산면 부기리,충청남도 홍성군 갈산면 부기리,일반제조
44800,25330,충청남도,홍성군,,광천읍 옹암리,충청남도 홍성군 광천읍 옹암리,일반제조
44800,39030,충청남도,홍성군,,구항면 신곡리,충청남도 홍성군 구항면 신곡리,일반제조
44800,32030,충청남도,홍성군,,금마면 신곡리,충청남도 홍성군 금마면 신곡리,일반제조
44800,37030,충청남도,홍성군,,서부면 판교리,충청남도 홍성군 서부면 판교리,일반제조
44800,35030,충청남도,홍성군,,은하면 화봉리,충청남도 홍성군 은하면 화봉리,일반제조
44800,34030,충청남도,홍성군,,장곡면 월계리,충청남도 홍성군 장곡면 월계리,일반제조
44800,33030,충청남도,홍성군,,홍동면 수란리,충청남도 홍성군 홍동면 수란리,일반제조
44800,25630,충청남도,홍성군,,홍북읍 신정리,충청남도 홍성군 홍북읍 신정리,일반제조
44800,25030,충청남도,홍성군,,홍성읍 고암리,충청남도 홍성군 홍성읍 고암리,일반제조
44810,25000,충청남도,예산군,,예산읍,충청남도 예산군 예산읍,이차전지
44810,25300,충청남도,예산군,,삽교읍,충청남도 예산군 삽교읍,이차전지
44810,31000,충청남도,예산군,,대술면,충청남도 예산군 대술면,이차전지
44810,32000,충청남도,예산군,,신양면,충청남도 예산군 신양면,이차전지
44810,33000,충청남도,예산군,,광시면,충청남도 예산군 광시면,이차전지
44810,34000,충청남도,예산군,,대흥면,충청남도 예산군 대흥면,이차전지
44810,35000,충청남도,예산군,,응봉면,충청남도 예산군 응봉면,이차전지|제약_바이오
44810,36000,충청남도,예산군,,덕산면,충청남도 예산군 덕산면,이차전지
44810,37000,충청남도,예산군,,봉산면,충청남도 예산군 봉산면,이차전지
44810,38000,충청남도,예산군,,고덕면,충청남도 예산군 고덕면,이차전지
44810,39000,충청남도,예산군,,신암면,충청남도 예산군 신암면,이차전지
44810,40000,충청남도,예산군,,오가면,충청남도 예산군 오가면,이차전지
44810,38030,충청남도,예산군,,고덕면 용리,충청남도 예산군 고덕면 용리,이차전지
44810,33040,충청남도,예산군,,광시면 대리,충청남도 예산군 광시면 대리,이차전지
44810,33030,충청남도,예산군,,광시면 동산리,충청남도 예산군 광시면 동산리,이차전지
44810,31030,충청남도,예산군,,대술면 산정리,충청남도 예산군 대술면 산정리,이차전지
44810,34030,충청남도,예산군,,대흥면 탄방리,충청남도 예산군 대흥면 탄방리,이차전지
44810,36030,충청남도,예산군,,덕산면 광천리,충청남도 예산군 덕산면 광천리,이차전지
44810,37030,충청남도,예산군,,봉산면 대지리,충청남도 예산군 봉산면 대지리,이차전지
44810,25330,충청남도,예산군,,삽교읍 역리,충청남도 예산군 삽교읍 역리,이차전지
44810,25340,충청남도,예산군,,삽교읍 효림리,충청남도 예산군 삽교읍 효림리,이차전지
44810,39030,충청남도,예산군,,신암면 조곡리,충청남도 예산군 신암면 조곡리,이차전지
44810,32030,충청남도,예산군,,신양면 하천리,충청남도 예산군 신양면 하천리,이차전지
44810,25030,충청남도,예산군,,예산읍 신례원리,충청남도 예산군 예산읍 신례원리,이차전지
44810,40030,충청남도,예산군,,오가면 원천리,충청남도 예산군 오가면 원천리,이차전지
44810,35030,충청남도,예산군,,응봉면 증곡리,충청남도 예산군 응봉면 증곡리,이차전지
46130,25000,전라남도,여수시,,돌산읍,전라남도 여수시 돌산읍,일반제조
46130,31000,전라남도,여수시,,소라면,전라남도 여수시 소라면,일반제조
46130,32000,전라남도,여수시,,율촌면,전라남도 여수시 율촌면,일반제조
46130,33000,전라남도,여수시,,화양면,전라남도 여수시 화양면,일반제조
46130,34000,전라남도,여수시,,남면,전라남도 여수시 남면,일반제조
46130,35000,전라남도,여수시,,화정면,전라남도 여수시 화정면,일반제조
46130,36000,전라남도,여수시,,삼산면,전라남도 여수시 삼산면,일반제조
46130,12700,전라남도,여수시,,경호동,전라남도 여수시 경호동,일반제조
46130,10500,전라남도,여수시,,고소동,전라남도 여수시 고소동,일반제조
46130,10300,전라남도,여수시,,공화동,전라남도 여수시 공화동,일반제조
46130,10400,전라남도,여수시,,관문동,전라남도 여수시 관문동,일반제조
46130,11200,전라남도,여수시,,광무동,전라남도 여수시 광무동,일반제조
46130,10800,전라남도,여수시,,교동,전라남도 여수시 교동,일반제조
46130,11700,전라남도,여수시,,국동,전라남도 여수시 국동,일반제조
46130,10900,전라남도,여수시,,군자동,전라남도 여수시 군자동,일반제조
46130,14800,전라남도,여수시,,낙포동,전라남도 여수시 낙포동,일반제조
46130,11600,전라남도,여수시,,남산동,전라남도 여수시 남산동,일반제조
46130,12600,전라남도,여수시,,덕충동,전라남도 여수시 덕충동,일반제조
46130,25030,전라남도,여수시,,돌산읍 우두리,전라남도 여수시 돌산읍 우두리,일반제조
46130,10600,전라남도,여수시,,동산동,전라남도 여수시 동산동,일반제조
46130,12300,전라남도,여수시,,둔덕동,전라남도 여수시 둔덕동,일반제조
46130,12500,전라남도,여수시,,만흥동,전라남도 여수시 만흥동,일반제조
46170,25000,전라남도,나주시,,남평읍,전라남도 나주시 남평읍,식품
46170,31000,전라남도,나주시,,세지면,전라남도 나주시 세지면,식품
46170,32000,전라남도,나주시,,왕곡면,전라남도 나주시 왕곡면,식품
46170,33000,전라남도,나주시,,반남면,전라남도 나주시 반남면,식품
46170,34000,전라남도,나주시,,공산면,전라남도 나주시 공산면,식품
46170,35000,전라남도,나주시,,동강면,전라남도 나주시 동강면,식품
46170,36000,전라남도,나주시,,다시면,전라남도 나주시 다시면,식품
46170,37000,전라남도,나주시,,문평면,전라남도 나주시 문평면,식품
46170,38000,전라남도,나주시,,노안면,전라남도 나주시 노안면,식품
46170,39000,전라남도,나주시,,금천면,전라남도 나주시 금천면,식품
46170,40000,전라남도,나주시,,산포면,전라남도 나주시 산포면,식품
46170,42000,전라남도,나주시,,다도면,전라남도 나주시 다도면,식품
46170,43000,전라남도,나주시,,봉황면,전라남도 나주시 봉황면,식품
46170,10800,전라남도,나주시,,경현동,전라남도 나주시 경현동,식품
46170,34030,전라남도,나주시,,공산면 복용리,전라남도 나주시 공산면 복용리,식품
46170,11300,전라남도,나주시,,과원동,전라남도 나주시 과원동,식품
46170,12500,전라남도,나주시,,관정동,전라남도 나주시 관정동,식품
46170,10500,전라남도,나주시,,교동,전라남도 나주시 교동,식품
46170,11000,전라남도,나주시,,금계동,전라남도 나주시 금계동,식품
46170,11100,전라남도,나주시,,금성동,전라남도 나주시 금성동,식품
46170,39030,전라남도,나주시,,금천면 신가리,전라남도 나주시 금천면 신가리,식품
46170,11200,전라남도,나주시,,남내동,전라남도 나주시 남내동,식품
46170,12000,전라남도,나주시,,남외동,전라남도 나주시 남외동,식품
46170,25030,전라남도,나주시,,남평읍 남석리,전라남도 나주시 남평읍 남석리,식품
46170,38030,전라남도,나주시,,노안면 영평리,전라남도 나주시 노안면 영평리,식품
46170,42030,전라남도,나주시,,다도면 덕림리,전라남도 나주시 다도면 덕림리,식품
46170,36030,전라남도,나주시,,다시면 동당리,전라남도 나주시 다시면 동당리,식품
46170,12900,전라남도,나주시,,대기동,전라남도 나주시 대기동,식품
46230,25000,전라남도,광양시,,광양읍,전라남도 광양시 광양읍,일반제조
46230,31000,전라남도,광양시,,봉강면,전라남도 광양시 봉강면,일반제조
46230,32000,전라남도,광양시,,옥룡면,전라남도 광양시 옥룡면,일반제조
46230,33000,전라남도,광양시,,옥곡면,전라남도 광양시 옥곡면,일반제조
46230,34000,전라남도,광양시,,진상면,전라남도 광양시 진상면,일반제조
46230,35000,전라남도,광양시,,진월면,전라남도 광양시 진월면,일반제조
46230,36000,전라남도,광양시,,다압면,전라남도 광양시 다압면,일반제조
46230,25030,전라남도,광양시,,광양읍 용강리,전라남도 광양시 광양읍 용강리,일반제조
46230,10800,전라남도,광양시,,광영동,전라남도 광양시 광영동,일반제조
46230,11000,전라남도,광양시,,금호동,전라남도 광양시 금호동,일반제조
46230,10300,전라남도,광양시,,도이동,전라남도 광양시 도이동,일반제조
46230,10700,전라남도,광양시,,마동,전라남도 광양시 마동,일반제조
46230,10400,전라남도,광양시,,성황동,전라남도 광양시 성황동,일반제조
46230,10500,전라남도,광양시,,중군동,전라남도 광양시 중군동,일반제조
46230,10600,전라남도,광양시,,중동,전라남도 광양시 중동,일반제조
46230,35030,전라남도,광양시,,진월면 진정리,전라남도 광양시 진월면 진정리,일반제조
46230,10900,전라남도,광양시,,태인동,전라남도 광양시 태인동,일반제조
46230,10100,전라남도,광양시,,황금동,전라남도 광양시 황금동,일반제조
46230,10200,전라남도,광양시,,황길동,전라남도 광양시 황길동,일반제조
46830,25000,전라남도,영암군,,영암읍,전라남도 영암군 영암읍,일반제조
46830,25300,전라남도,영암군,,삼호읍,전라남도 영암군 삼호읍,일반제조
46830,31000,전라남도,영암군,,덕진면,전라남도 영암군 덕진면,일반제조
46830,32000,전라남도,영암군,,금정면,전라남도 영암군 금정면,일반제조
46830,33000,전라남도,영암군,,신북면,전라남도 영암군 신북면,일반제조
46830,34000,전라남도,영암군,,시종면,전라남도 영암군 시종면,일반제조
46830,35000,전라남도,영암군,,도포면,전라남도 영암군 도포면,일반제조
46830,36000,전라남도,영암군,,군서면,전라남도 영암군 군서면,일반제조
46830,37000,전라남도,영암군,,서호면,전라남도 영암군 서호면,일반제조
46830,38000,전라남도,영암군,,학산면,전라남도 영암군 학산면,일반제조
46830,39000,전라남도,영암군,,미암면,전라남도 영암군 미암면,일반제조
46830,36030,전라남도,영암군,,군서면 월곡리,전라남도 영암군 군서면 월곡리,일반제조
46830,32030,전라남도,영암군,,금정면 쌍효리,전라남도 영암군 금정면 쌍효리,일반제조
46830,25330,전라남도,영암군,,삼호읍 나불리,전라남도 영암군 삼호읍 나불리,일반제조
46830,37030,전라남도,영암군,,서호면 태백리,전라남도 영암군 서호면 태백리,일반제조
46830,34030,전라남도,영암군,,시종면 월악리,전라남도 영암군 시종면 월악리,일반제조
46830,33030,전라남도,영암군,,신북면 월평리,전라남도 영암군 신북면 월평리,일반제조
46830,25030,전라남도,영암군,,영암읍 망호리,전라남도 영암군 영암읍 망호리,일반제조
46830,38030,전라남도,영암군,,학산면 매월리,전라남도 영암군 학산면 매월리,일반제조
46870,25000,전라남도,영광군,,영광읍,전라남도 영광군 영광읍,식품
46870,25300,전라남도,영광군,,백수읍,전라남도 영광군 백수읍,식품
46870,25600,전라남도,영광군,,홍농읍,전라남도 영광군 홍농읍,식품
46870,31000,전라남도,영광군,,대마면,전라남도 영광군 대마면,식품
46870,32000,전라남도,영광군,,묘량면,전라남도 영광군 묘량면,식품
46870,33000,전라남도,영광군,,불갑면,전라남도 영광군 불갑면,식품
46870,34000,전라남도,영광군,,군서면,전라남도 영광군 군서면,식품
46870,35000,전라남도,영광군,,군남면,전라남도 영광군 군남면,식품
46870,36000,전라남도,영광군,,염산면,전라남도 영광군 염산면,식품
46870,37000,전라남도,영광군,,법성면,전라남도 영광군 법성면,식품
46870,38000,전라남도,영광군,,낙월면,전라남도 영광군 낙월면,식품
46870,35030,전라남도,영광군,,군남면 남창리,전라남도 영광군 군남면 남창리,식품
46870,34030,전라남도,영광군,,군서면 만곡리,전라남도 영광군 군서면 만곡리,식품
46870,38030,전라남도,영광군,,낙월면 오도리,전라남도 영광군 낙월면 오도리,식품
46870,25330,전라남도,영광군,,백수읍 대전리,전라남도 영광군 백수읍 대전리,식품
46870,37030,전라남도,영광군,,법성면 용덕리,전라남도 영광군 법성면 용덕리,식품
46870,33030,전라남도,영광군,,불갑면 부춘리,전라남도 영광군 불갑면 부춘리,식품
46870,25030,전라남도,영광군,,영광읍 신월리,전라남도 영광군 영광읍 신월리,식품
47111,25000,경상북도,포항시,남구,구룡포읍,경상북도 포항시 남구 구룡포읍,이차전지
47111,25300,경상북도,포항시,남구,연일읍,경상북도 포항시 남구 연일읍,이차전지
47111,25600,경상북도,포항시,남구,오천읍,경상북도 포항시 남구 오천읍,이차전지
47111,31000,경상북도,포항시,남구,대송면,경상북도 포항시 남구 대송면,이차전지
47111,32000,경상북도,포항시,남구,동해면,경상북도 포항시 남구 동해면,이차전지
47111,33000,경상북도,포항시,남구,장기면,경상북도 포항시 남구 장기면,이차전지
47111,35000,경상북도,포항시,남구,호미곶면,경상북도 포항시 남구 호미곶면,이차전지
47111,10900,경상북도,포항시,남구,괴동동,경상북도 포항시 남구 괴동동,이차전지
47111,25030,경상북도,포항시,남구,구룡포읍 눌태리,경상북도 포항시 남구 구룡포읍 눌태리,이차전지
47111,10200,경상북도,포항시,남구,대도동,경상북도 포항시 남구 대도동,이차전지
47111,11600,경상북도,포항시,남구,대잠동,경상북도 포항시 남구 대잠동,이차전지
47111,11000,경상북도,포항시,남구,동촌동,경상북도 포항시 남구 동촌동,이차전지
47111,32030,경상북도,포항시,남구,동해면 중흥리,경상북도 포항시 남구 동해면 중흥리,이차전지
47111,10100,경상북도,포항시,남구,상도동,경상북도 포항시 남구 상도동,이차전지
47111,10800,경상북도,포항시,남구,송내동,경상북도 포항시 남구 송내동,이차전지
47111,10400,경상북도,포항시,남구,송도동,경상북도 포항시 남구 송도동,이차전지
47111,10700,경상북도,포항시,남구,송정동,경상북도 포항시 남구 송정동,이차전지
47111,25330,경상북도,포항시,남구,연일읍 중단리,경상북도 포항시 남구 연일읍 중단리,이차전지
47111,25630,경상북도,포항시,남구,오천읍 용덕리,경상북도 포항시 남구 오천읍 용덕리,이차전지
47111,11700,경상북도,포항시,남구,이동,경상북도 포항시 남구 이동,이차전지
47111,11200,경상북도,포항시,남구,인덕동,경상북도 포항시 남구 인덕동,이차전지
47111,10600,경상북도,포항시,남구,일월동,경상북도 포항시 남구 일월동,이차전지
47111,33030,경상북도,포항시,남구,장기면 임중리,경상북도 포항시 남구 장기면 임중리,이차전지
47111,33040,경상북도,포항시,남구,장기면 창지리,경상북도 포항시 남구 장기면 창지리,이차전지
47111,11100,경상북도,포항시,남구,장흥동,경상북도 포항시 남구 장흥동,이차전지
47111,11500,경상북도,포항시,남구,지곡동,경상북도 포항시 남구 지곡동,이차전지
47111,10500,경상북도,포항시,남구,청림동,경상북도 포항시 남구 청림동,이차전지
47111,10300,경상북도,포항시,남구,해도동,경상북도 포항시 남구 해도동,이차전지
47111,11300,경상북도,포항시,남구,호동,경상북도 포항시 남구 호동,이차전지
47111,11400,경상북도,포항시,남구,효자동,경상북도 포항시 남구 효자동,이차전지
47113,25000,경상북도,포항시,북구,흥해읍,경상북도 포항시 북구 흥해읍,이차전지
47113,31000,경상북도,포항시,북구,신광면,경상북도 포항시 북구 신광면,이차전지
47113,32000,경상북도,포항시,북구,청하면,경상북도 포항시 북구 청하면,이차전지
47113,33000,경상북도,포항시,북구,송라면,경상북도 포항시 북구 송라면,이차전지
47113,34000,경상북도,포항시,북구,기계면,경상북도 포항시 북구 기계면,이차전지
47113,35000,경상북도,포항시,북구,죽장면,경상북도 포항시 북구 죽장면,이차전지
47113,36000,경상북도,포항시,북구,기북면,경상북도 포항시 북구 기북면,이차전지
47113,34030,경상북도,포항시,북구,기계면 화봉리,경상북도 포항시 북구 기계면 화봉리,이차전지
47113,10300,경상북도,포항시,북구,남빈동,경상북도 포항시 북구 남빈동,이차전지
47113,10900,경상북도,포항시,북구,대신동,경상북도 포항시 북구 대신동,이차전지
47113,10100,경상북도,포항시,북구,대흥동,경상북도 포항시 북구 대흥동,이차전지
47113,10700,경상북도,포항시,북구,덕산동,경상북도 포항시 북구 덕산동,이차전지
47113,10800,경상북도,포항시,북구,덕수동,경상북도 포항시 북구 덕수동,이차전지
47113,11000,경상북도,포항시,북구,동빈1가,경상북도 포항시 북구 동빈1가,이차전지
47113,11100,경상북도,포항시,북구,동빈2가,경상북도 포항시 북구 동빈2가,이차전지
47113,12000,경상북도,포항시,북구,두호동,경상북도 포항시 북구 두호동,이차전지
47113,11400,경상북도,포항시,북구,득량동,경상북도 포항시 북구 득량동,이차전지
47113,10400,경상북도,포항시,북구,상원동,경상북도 포항시 북구 상원동,이차전지
47113,31030,경상북도,포항시,북구,신광면 반곡리,경상북도 포항시 북구 신광면 반곡리,이차전지
47113,10200,경상북도,포항시,북구,신흥동,경상북도 포항시 북구 신흥동,이차전지
47113,12200,경상북도,포항시,북구,양덕동,경상북도 포항시 북구 양덕동,이차전지
47113,12400,경상북도,포항시,북구,여남동,경상북도 포항시 북구 여남동,이차전지
47113,10500,경상북도,포항시,북구,여천동,경상북도 포항시 북구 여천동,이차전지
47113,11700,경상북도,포항시,북구,용흥동,경상북도 포항시 북구 용흥동,이차전지
47113,11800,경상북도,포항시,북구,우현동,경상북도 포항시 북구 우현동,이차전지
47113,12100,경상북도,포항시,북구,장성동,경상북도 포항시 북구 장성동,이차전지
47113,11600,경상북도,포항시,북구,죽도동,경상북도 포항시 북구 죽도동,이차전지
47113,35030,경상북도,포항시,북구,죽장면 하사리,경상북도 포항시 북구 죽장면 하사리,이차전지
47113,10600,경상북도,포항시,북구,중앙동,경상북도 포항시 북구 중앙동,이차전지
47113,11900,경상북도,포항시,북구,창포동,경상북도 포항시 북구 창포동,이차전지
47113,32030,경상북도,포항시,북구,청하면 신흥리,경상북도 포항시 북구 청하면 신흥리,이차전지
47113,11200,경상북도,포항시,북구,학산동,경상북도 포항시 북구 학산동,이차전지
47130,25000,경상북도,경주시,,감포읍,경상북도 경주시 감포읍,일반제조
47130,25300,경상북도,경주시,,안강읍,경상북도 경주시 안강읍,일반제조
47130,25600,경상북도,경주시,,건천읍,경상북도 경주시 건천읍,일반제조
47130,25900,경상북도,경주시,,외동읍,경상북도 경주시 외동읍,일반제조
47130,31500,경상북도,경주시,,문무대왕면,경상북도 경주시 문무대왕면,일반제조
47130,32000,경상북도,경주시,,양남면,경상북도 경주시 양남면,일반제조
47130,33000,경상북도,경주시,,내남면,경상북도 경주시 내남면,일반제조
47130,34000,경상북도,경주시,,산내면,경상북도 경주시 산내면,일반제조
47130,35000,경상북도,경주시,,서면,경상북도 경주시 서면,일반제조
47130,36000,경상북도,경주시,,현곡면,경상북도 경주시 현곡면,일반제조
47130,37000,경상북도,경주시,,강동면,경상북도 경주시 강동면,일반제조
47130,38000,경상북도,경주시,,천북면,경상북도 경주시 천북면,일반제조
47130,37030,경상북도,경주시,,강동면 인동리,경상북도 경주시 강동면 인동리,일반제조
47130,25630,경상북도,경주시,,건천읍 금척리,경상북도 경주시 건천읍 금척리,일반제조
47130,11700,경상북도,경주시,,광명동,경상북도 경주시 광명동,일반제조
47130,11100,경상북도,경주시,,교동,경상북도 경주시 교동,일반제조
47130,13100,경상북도,경주시,,구정동,경상북도 경주시 구정동,일반제조
47130,12200,경상북도,경주시,,구황동,경상북도 경주시 구황동,일반제조
47130,12000,경상북도,경주시,,남산동,경상북도 경주시 남산동,일반제조
47130,33030,경상북도,경주시,,내남면 상신리,경상북도 경주시 내남면 상신리,일반제조
47130,10600,경상북도,경주시,,노동동,경상북도 경주시 노동동,일반제조
47130,10700,경상북도,경주시,,노서동,경상북도 경주시 노서동,일반제조
47130,13700,경상북도,경주시,,덕동,경상북도 경주시 덕동,일반제조
47130,11900,경상북도,경주시,,도지동,경상북도 경주시 도지동,일반제조
47130,11800,경상북도,경주시,,동방동,경상북도 경주시 동방동,일반제조
47130,10100,경상북도,경주시,,동부동,경상북도 경주시 동부동,일반제조
47130,12600,경상북도,경주시,,동천동,경상북도 경주시 동천동,일반제조
47150,25000,경상북도,김천시,,아포읍,경상북도 김천시 아포읍,이차전지
47150,31000,경상북도,김천시,,농소면,경상북도 김천시 농소면,이차전지
47150,32000,경상북도,김천시,,남면,경상북도 김천시 남면,이차전지
47150,34000,경상북도,김천시,,개령면,경상북도 김천시 개령면,이차전지
47150,35000,경상북도,김천시,,감문면,경상북도 김천시 감문면,이차전지
47150,36000,경상북도,김천시,,어모면,경상북도 김천시 어모면,이차전지
47150,37000,경상북도,김천시,,봉산면,경상북도 김천시 봉산면,이차전지
47150,38000,경상북도,김천시,,대항면,경상북도 김천시 대항면,이차전지
47150,39000,경상북도,김천시,,감천면,경상북도 김천시 감천면,이차전지
47150,40000,경상북도,김천시,,조마면,경상북도 김천시 조마면,이차전지
47150,41000,경상북도,김천시,,구성면,경상북도 김천시 구성면,이차전지
47150,42000,경상북도,김천시,,지례면,경상북도 김천시 지례면,이차전지
47150,43000,경상북도,김천시,,부항면,경상북도 김천시 부항면,이차전지
47150,44000,경상북도,김천시,,대덕면,경상북도 김천시 대덕면,이차전지
47150,45000,경상북도,김천시,,증산면,경상북도 김천시 증산면,이차전지
47150,35030,경상북도,김천시,,감문면 삼성리,경상북도 김천시 감문면 삼성리,이차전지
47150,10100,경상북도,김천시,,감호동,경상북도 김천시 감호동,이차전지
47150,10900,경상북도,김천시,,교동,경상북도 김천시 교동,이차전지
47150,41030,경상북도,김천시,,구성면 월계리,경상북도 김천시 구성면 월계리,이차전지
47150,32030,경상북도,김천시,,남면 운남리,경상북도 김천시 남면 운남리,이차전지
47150,10600,경상북도,김천시,,남산동,경상북도 김천시 남산동,이차전지
47150,11200,경상북도,김천시,,다수동,경상북도 김천시 다수동,이차전지
47150,11700,경상북도,김천시,,대광동,경상북도 김천시 대광동,이차전지
47150,44030,경상북도,김천시,,대덕면 문의리,경상북도 김천시 대덕면 문의리,이차전지
47150,11600,경상북도,김천시,,덕곡동,경상북도 김천시 덕곡동,이차전지
47150,10300,경상북도,김천시,,모암동,경상북도 김천시 모암동,이차전지
47150,11100,경상북도,김천시,,문당동,경상북도 김천시 문당동,이차전지
47150,11300,경상북도,김천시,,백옥동,경상북도 김천시 백옥동,이차전지
47150,11400,경상북도,김천시,,부곡동,경상북도 김천시 부곡동,이차전지
47150,43030,경상북도,김천시,,부항면 파천리,경상북도 김천시 부항면 파천리,이차전지
47150,11000,경상북도,김천시,,삼락동,경상북도 김천시 삼락동,이차전지
47150,10400,경상북도,김천시,,성내동,경상북도 김천시 성내동,이차전지
47150,10800,경상북도,김천시,,신음동,경상북도 김천시 신음동,이차전지
47150,25030,경상북도,김천시,,아포읍 대성리,경상북도 김천시 아포읍 대성리,이차전지
47150,11900,경상북도,김천시,,양천동,경상북도 김천시 양천동,이차전지
47150,36030,경상북도,김천시,,어모면 도암리,경상북도 김천시 어모면 도암리,이차전지
47150,10200,경상북도,김천시,,용두동,경상북도 김천시 용두동,이차전지
47150,12000,경상북도,김천시,,율곡동,경상북도 김천시 율곡동,이차전지
47150,11800,경상북도,김천시,,응명동,경상북도 김천시 응명동,이차전지
47150,45030,경상북도,김천시,,증산면 황점리,경상북도 김천시 증산면 황점리,이차전지
47190,25000,경상북도,구미시,,선산읍,경상북도 구미시 선산읍,반도체_디스플레이
47190,25300,경상북도,구미시,,고아읍,경상북도 구미시 고아읍,반도체_디스플레이
47190,25600,경상북도,구미시,,산동읍,경상북도 구미시 산동읍,반도체_디스플레이
47190,31000,경상북도,구미시,,무을면,경상북도 구미시 무을면,반도체_디스플레이
47190,32000,경상북도,구미시,,옥성면,경상북도 구미시 옥성면,반도체_디스플레이
47190,33000,경상북도,구미시,,도개면,경상북도 구미시 도개면,반도체_디스플레이
47190,34000,경상북도,구미시,,해평면,경상북도 구미시 해평면,반도체_디스플레이
47190,36000,경상북도,구미시,,장천면,경상북도 구미시 장천면,반도체_디스플레이|제약_바이오
47190,12700,경상북도,구미시,,거의동,경상북도 구미시 거의동,반도체_디스플레이
47190,25330,경상북도,구미시,,고아읍 내예리,경상북도 구미시 고아읍 내예리,반도체_디스플레이
47190,11300,경상북도,구미시,,공단동,경상북도 구미시 공단동,반도체_디스플레이
47190,11400,경상북도,구미시,,광평동,경상북도 구미시 광평동,반도체_디스플레이
47190,12000,경상북도,구미시,,구평동,경상북도 구미시 구평동,반도체_디스플레이
47190,12900,경상북도,구미시,,구포동,경상북도 구미시 구포동,반도체_디스플레이
47190,13000,경상북도,구미시,,금전동,경상북도 구미시 금전동,반도체_디스플레이
47190,10800,경상북도,구미시,,남통동,경상북도 구미시 남통동,반도체_디스플레이
47190,10300,경상북도,구미시,,도량동,경상북도 구미시 도량동,반도체_디스플레이
47190,31030,경상북도,구미시,,무을면 무이리,경상북도 구미시 무을면 무이리,반도체_디스플레이
47190,10400,경상북도,구미시,,봉곡동,경상북도 구미시 봉곡동,반도체_디스플레이
47190,10500,경상북도,구미시,,부곡동,경상북도 구미시 부곡동,반도체_디스플레이
47190,11200,경상북도,구미시,,비산동,경상북도 구미시 비산동,반도체_디스플레이
47190,11500,경상북도,구미시,,사곡동,경상북도 구미시 사곡동,반도체_디스플레이
47190,25630,경상북도,구미시,,산동읍 송산리,경상북도 구미시 산동읍 송산리,반도체_디스플레이
47190,11600,경상북도,구미시,,상모동,경상북도 구미시 상모동,반도체_디스플레이
47190,10600,경상북도,구미시,,선기동,경상북도 구미시 선기동,반도체_디스플레이
47190,25030,경상북도,구미시,,선산읍 화조리,경상북도 구미시 선산읍 화조리,반도체_디스플레이
47190,11000,경상북도,구미시,,송정동,경상북도 구미시 송정동,반도체_디스플레이
47190,10700,경상북도,구미시,,수점동,경상북도 구미시 수점동,반도체_디스플레이
47190,12400,경상북도,구미시,,시미동,경상북도 구미시 시미동,반도체_디스플레이
47190,11900,경상북도,구미시,,신동,경상북도 구미시 신동,반도체_디스플레이
47190,11100,경상북도,구미시,,신평동,경상북도 구미시 신평동,반도체_디스플레이
47190,12600,경상북도,구미시,,양호동,경상북도 구미시 양호동,반도체_디스플레이
47190,11800,경상북도,구미시,,오태동,경상북도 구미시 오태동,반도체_디스플레이
47230,25000,경상북도,영천시,,금호읍,경상북도 영천시 금호읍,일반제조
47230,31000,경상북도,영천시,,청통면,경상북도 영천시 청통면,일반제조
47230,32000,경상북도,영천시,,신녕면,경상북도 영천시 신녕면,일반제조
47230,33000,경상북도,영천시,,화산면,경상북도 영천시 화산면,일반제조
47230,34000,경상북도,영천시,,화북면,경상북도 영천시 화북면,일반제조
47230,35000,경상북도,영천시,,화남면,경상북도 영천시 화남면,일반제조
47230,36000,경상북도,영천시,,자양면,경상북도 영천시 자양면,일반제조
47230,37000,경상북도,영천시,,임고면,경상북도 영천시 임고면,일반제조
47230,38000,경상북도,영천시,,고경면,경상북도 영천시 고경면,일반제조
47230,39000,경상북도,영천시,,북안면,경상북도 영천시 북안면,일반제조
47230,40000,경상북도,영천시,,대창면,경상북도 영천시 대창면,일반제조
47230,38040,경상북도,영천시,,고경면 가수리,경상북도 영천시 고경면 가수리,일반제조
47230,38030,경상북도,영천시,,고경면 도암리,경상북도 영천시 고경면 도암리,일반제조
47230,10800,경상북도,영천시,,과전동,경상북도 영천시 과전동,일반제조
47230,11900,경상북도,영천시,,괴연동,경상북도 영천시 괴연동,일반제조
47230,10700,경상북도,영천시,,교촌동,경상북도 영천시 교촌동,일반제조
47230,11200,경상북도,영천시,,금노동,경상북도 영천시 금노동,일반제조
47230,25030,경상북도,영천시,,금호읍 관정리,경상북도 영천시 금호읍 관정리,일반제조
47230,25040,경상북도,영천시,,금호읍 삼호리,경상북도 영천시 금호읍 삼호리,일반제조
47230,12100,경상북도,영천시,,녹전동,경상북도 영천시 녹전동,일반제조
47230,12000,경상북도,영천시,,대전동,경상북도 영천시 대전동,일반제조
47230,40030,경상북도,영천시,,대창면 구지리,경상북도 영천시 대창면 구지리,일반제조
47230,12600,경상북도,영천시,,도남동,경상북도 영천시 도남동,일반제조
47230,11100,경상북도,영천시,,도동,경상북도 영천시 도동,일반제조
47230,12200,경상북도,영천시,,도림동,경상북도 영천시 도림동,일반제조
47230,10200,경상북도,영천시,,망정동,경상북도 영천시 망정동,일반제조
47290,25000,경상북도,경산시,,하양읍,경상북도 경산시 하양읍,일반제조
47290,25300,경상북도,경산시,,진량읍,경상북도 경산시 진량읍,일반제조|제약_바이오
47290,25600,경상북도,경산시,,압량읍,경상북도 경산시 압량읍,일반제조
47290,31000,경상북도,경산시,,와촌면,경상북도 경산시 와촌면,일반제조
47290,33000,경상북도,경산시,,자인면,경상북도 경산시 자인면,일반제조
47290,34000,경상북도,경산시,,용성면,경상북도 경산시 용성면,일반제조
47290,35000,경상북도,경산시,,남산면,경상북도 경산시 남산면,일반제조
47290,37000,경상북도,경산시,,남천면,경상북도 경산시 남천면,일반제조
47290,12800,경상북도,경산시,,갑제동,경상북도 경산시 갑제동,일반제조
47290,11600,경상북도,경산시,,계양동,경상북도 경산시 계양동,일반제조
47290,11900,경상북도,경산시,,남방동,경상북도 경산시 남방동,일반제조
47290,35030,경상북도,경산시,,남산면 우검리,경상북도 경산시 남산면 우검리,일반제조
47290,37030,경상북도,경산시,,남천면 흥산리,경상북도 경산시 남천면 흥산리,일반제조
47290,12000,경상북도,경산시,,내동,경상북도 경산시 내동,일반제조
47290,11500,경상북도,경산시,,대동,경상북도 경산시 대동,일반제조
47290,11300,경상북도,경산시,,대정동,경상북도 경산시 대정동,일반제조
47290,11200,경상북도,경산시,,대평동,경상북도 경산시 대평동,일반제조
47290,10600,경상북도,경산시,,백천동,경상북도 경산시 백천동,일반제조
47290,12600,경상북도,경산시,,사동,경상북도 경산시 사동,일반제조
47290,10800,경상북도,경산시,,사정동,경상북도 경산시 사정동,일반제조
47290,10100,경상북도,경산시,,삼남동,경상북도 경산시 삼남동,일반제조
47290,10200,경상북도,경산시,,삼북동,경상북도 경산시 삼북동,일반제조
47290,12700,경상북도,경산시,,삼풍동,경상북도 경산시 삼풍동,일반제조
48121,25000,경상남도,창원시,의창구,동읍,경상남도 창원시 의창구 동읍,일반제조
48121,31000,경상남도,창원시,의창구,북면,경상남도 창원시 의창구 북면,일반제조
48121,32000,경상남도,창원시,의창구,대산면,경상남도 창원시 의창구 대산면,일반제조
48121,12200,경상남도,창원시,의창구,내리동,경상남도 창원시 의창구 내리동,일반제조
48121,11200,경상남도,창원시,의창구,덕정동,경상남도 창원시 의창구 덕정동,일반제조
48121,10500,경상남도,창원시,의창구,도계동,경상남도 창원시 의창구 도계동,일반제조
48121,25030,경상남도,창원시,의창구,동읍 무성리,경상남도 창원시 의창구 동읍 무성리,일반제조
48121,25040,경상남도,창원시,의창구,동읍 봉강리,경상남도 창원시 의창구 동읍 봉강리,일반제조
48121,10600,경상남도,창원시,의창구,동정동,경상남도 창원시 의창구 동정동,일반제조
48121,11800,경상남도,창원시,의창구,명곡동,경상남도 창원시 의창구 명곡동,일반제조
48121,12400,경상남도,창원시,의창구,명서동,경상남도 창원시 의창구 명서동,일반제조
48121,11900,경상남도,창원시,의창구,반계동,경상남도 창원시 의창구 반계동,일반제조
48121,12700,경상남도,창원시,의창구,봉곡동,경상남도 창원시 의창구 봉곡동,일반제조
48121,11600,경상남도,창원시,의창구,봉림동,경상남도 창원시 의창구 봉림동,일반제조
48121,10100,경상남도,창원시,의창구,북동,경상남도 창원시 의창구 북동,일반제조
48121,31030,경상남도,창원시,의창구,북면 무동리,경상남도 창원시 의창구 북면 무동리,일반제조
48121,12500,경상남도,창원시,의창구,사림동,경상남도 창원시 의창구 사림동,일반제조
48121,12000,경상남도,창원시,의창구,사화동,경상남도 창원시 의창구 사화동,일반제조
48123,13100,경상남도,창원시,성산구,가음동,경상남도 창원시 성산구 가음동,일반제조
48123,10300,경상남도,창원시,성산구,가음정동,경상남도 창원시 성산구 가음정동,일반제조
48123,12100,경상남도,창원시,성산구,귀곡동,경상남도 창원시 성산구 귀곡동,일반제조
48123,12000,경상남도,창원시,성산구,귀산동,경상남도 창원시 성산구 귀산동,일반제조
48123,12200,경상남도,창원시,성산구,귀현동,경상남도 창원시 성산구 귀현동,일반제조
48123,10600,경상남도,창원시,성산구,남산동,경상남도 창원시 성산구 남산동,일반제조
48123,13300,경상남도,창원시,성산구,남양동,경상남도 창원시 성산구 남양동,일반제조
48123,11200,경상남도,창원시,성산구,남지동,경상남도 창원시 성산구 남지동,일반제조
48123,11100,경상남도,창원시,성산구,내동,경상남도 창원시 성산구 내동,일반제조
48123,10500,경상남도,창원시,성산구,대방동,경상남도 창원시 성산구 대방동,일반제조
48123,13700,경상남도,창원시,성산구,대원동,경상남도 창원시 성산구 대원동,일반제조
48123,14000,경상남도,창원시,성산구,덕정동,경상남도 창원시 성산구 덕정동,일반제조
48123,13800,경상남도,창원시,성산구,두대동,경상남도 창원시 성산구 두대동,일반제조
48123,12600,경상남도,창원시,성산구,반림동,경상남도 창원시 성산구 반림동,일반제조
48123,11900,경상남도,창원시,성산구,반송동,경상남도 창원시 성산구 반송동,일반제조
48125,31000,경상남도,창원시,마산합포구,구산면,경상남도 창원시 마산합포구 구산면,일반제조
48125,32000,경상남도,창원시,마산합포구,진동면,경상남도 창원시 마산합포구 진동면,일반제조
48125,33000,경상남도,창원시,마산합포구,진북면,경상남도 창원시 마산합포구 진북면,일반제조
48125,34000,경상남도,창원시,마산합포구,진전면,경상남도 창원시 마산합포구 진전면,일반제조
48125,10100,경상남도,창원시,마산합포구,가포동,경상남도 창원시 마산합포구 가포동,일반제조
48125,10200,경상남도,창원시,마산합포구,교방동,경상남도 창원시 마산합포구 교방동,일반제조
48125,10300,경상남도,창원시,마산합포구,교원동,경상남도 창원시 마산합포구 교원동,일반제조
48125,31030,경상남도,창원시,마산합포구,구산면 난포리,경상남도 창원시 마산합포구 구산면 난포리,일반제조
48125,10400,경상남도,창원시,마산합포구,남성동,경상남도 창원시 마산합포구 남성동,일반제조
48125,10500,경상남도,창원시,마산합포구,대내동,경상남도 창원시 마산합포구 대내동,일반제조
48125,10600,경상남도,창원시,마산합포구,대성동1가,경상남도 창원시 마산합포구 대성동1가,일반제조
48125,10700,경상남도,창원시,마산합포구,대성동2가,경상남도 창원시 마산합포구 대성동2가,일반제조
48125,10800,경상남도,창원시,마산합포구,대외동,경상남도 창원시 마산합포구 대외동,일반제조
48125,10900,경상남도,창원시,마산합포구,대창동,경상남도 창원시 마산합포구 대창동,일반제조
48125,11000,경상남도,창원시,마산합포구,덕동동,경상남도 창원시 마산합포구 덕동동,일반제조
48125,11100,경상남도,창원시,마산합포구,동성동,경상남도 창원시 마산합포구 동성동,일반제조
48125,11200,경상남도,창원시,마산합포구,두월동1가,경상남도 창원시 마산합포구 두월동1가,일반제조
48125,11300,경상남도,창원시,마산합포구,두월동2가,경상남도 창원시 마산합포구 두월동2가,일반제조
48125,11400,경상남도,창원시,마산합포구,두월동3가,경상남도 창원시 마산합포구 두월동3가,일반제조
48127,25000,경상남도,창원시,마산회원구,내서읍,경상남도 창원시 마산회원구 내서읍,일반제조
48127,10100,경상남도,창원시,마산회원구,구암동,경상남도 창원시 마산회원구 구암동,일반제조
48127,25030,경상남도,창원시,마산회원구,내서읍 감천리,경상남도 창원시 마산회원구 내서읍 감천리,일반제조
48127,10200,경상남도,창원시,마산회원구,두척동,경상남도 창원시 마산회원구 두척동,일반제조
48127,10300,경상남도,창원시,마산회원구,봉암동,경상남도 창원시 마산회원구 봉암동,일반제조
48127,10400,경상남도,창원시,마산회원구,석전동,경상남도 창원시 마산회원구 석전동,일반제조
48127,10500,경상남도,창원시,마산회원구,양덕동,경상남도 창원시 마산회원구 양덕동,일반제조
48127,10600,경상남도,창원시,마산회원구,합성동,경상남도 창원시 마산회원구 합성동,일반제조
48127,10700,경상남도,창원시,마산회원구,회성동,경상남도 창원시 마산회원구 회성동,일반제조
48127,10800,경상남도,창원시,마산회원구,회원동,경상남도 창원시 마산회원구 회원동,일반제조
48129,16500,경상남도,창원시,진해구,가주동,경상남도 창원시 진해구 가주동,일반제조
48129,13900,경상남도,창원시,진해구,경화동,경상남도 창원시 진해구 경화동,일반제조
48129,12400,경상남도,창원시,진해구,광화동,경상남도 창원시 진해구 광화동,일반제조
48129,12900,경상남도,창원시,진해구,근화동,경상남도 창원시 진해구 근화동,일반제조
48129,15000,경상남도,창원시,진해구,남문동,경상남도 창원시 진해구 남문동,일반제조
48129,11300,경상남도,창원시,진해구,남빈동,경상남도 창원시 진해구 남빈동,일반제조
48129,15700,경상남도,창원시,진해구,남양동,경상남도 창원시 진해구 남양동,일반제조
48129,11200,경상남도,창원시,진해구,대영동,경상남도 창원시 진해구 대영동,일반제조
48129,16000,경상남도,창원시,진해구,대장동,경상남도 창원시 진해구 대장동,일반제조
48129,11700,경상남도,창원시,진해구,대죽동,경상남도 창원시 진해구 대죽동,일반제조
48129,12300,경상남도,창원시,진해구,대천동,경상남도 창원시 진해구 대천동,일반제조
48129,13300,경상남도,창원시,진해구,대흥동,경상남도 창원시 진해구 대흥동,일반제조
48129,14300,경상남도,창원시,진해구,덕산동,경상남도 창원시 진해구 덕산동,일반제조
48129,10300,경상남도,창원시,진해구,도만동,경상남도 창원시 진해구 도만동,일반제조
48129,10200,경상남도,창원시,진해구,도천동,경상남도 창원시 진해구 도천동,일반제조
48250,25000,경상남도,김해시,,진영읍,경상남도 김해시 진영읍,일반제조
48250,32000,경상남도,김해시,,주촌면,경상남도 김해시 주촌면,일반제조
48250,33000,경상남도,김해시,,진례면,경상남도 김해시 진례면,일반제조
48250,34000,경상남도,김해시,,한림면,경상남도 김해시 한림면,일반제조
48250,35000,경상남도,김해시,,생림면,경상남도 김해시 생림면,일반제조
48250,36000,경상남도,김해시,,상동면,경상남도 김해시 상동면,일반제조
48250,37000,경상남도,김해시,,대동면,경상남도 김해시 대동면,일반제조
48250,11600,경상남도,김해시,,강동,경상남도 김해시 강동,일반제조
48250,13000,경상남도,김해시,,관동동,경상남도 김해시 관동동,일반제조
48250,10600,경상남도,김해시,,구산동,경상남도 김해시 구산동,일반제조
48250,12400,경상남도,김해시,,내덕동,경상남도 김해시 내덕동,일반제조
48250,10800,경상남도,김해시,,내동,경상남도 김해시 내동,일반제조
48250,37030,경상남도,김해시,,대동면 조눌리,경상남도 김해시 대동면 조눌리,일반제조
48250,10500,경상남도,김해시,,대성동,경상남도 김해시 대성동,일반제조
48250,12900,경상남도,김해시,,대청동,경상남도 김해시 대청동,일반제조
48250,10100,경상남도,김해시,,동상동,경상남도 김해시 동상동,일반제조
48250,11200,경상남도,김해시,,명법동,경상남도 김해시 명법동,일반제조
48250,12600,경상남도,김해시,,무계동,경상남도 김해시 무계동,일반제조
48250,10400,경상남도,김해시,,봉황동,경상남도 김해시 봉황동,일반제조
48250,12500,경상남도,김해시,,부곡동,경상남도 김해시 부곡동,일반제조
48250,10300,경상남도,김해시,,부원동,경상남도 김해시 부원동,일반제조
48250,12200,경상남도,김해시,,불암동,경상남도 김해시 불암동,일반제조
48270,25000,경상남도,밀양시,,삼랑진읍,경상남도 밀양시 삼랑진읍,일반제조
48270,25300,경상남도,밀양시,,하남읍,경상남도 밀양시 하남읍,일반제조
48270,31000,경상남도,밀양시,,부북면,경상남도 밀양시 부북면,일반제조
48270,32000,경상남도,밀양시,,상동면,경상남도 밀양시 상동면,일반제조
48270,33000,경상남도,밀양시,,산외면,경상남도 밀양시 산외면,일반제조
48270,34000,경상남도,밀양시,,산내면,경상남도 밀양시 산내면,일반제조
48270,35000,경상남도,밀양시,,단장면,경상남도 밀양시 단장면,일반제조
48270,36000,경상남도,밀양시,,상남면,경상남도 밀양시 상남면,일반제조
48270,37000,경상남도,밀양시,,초동면,경상남도 밀양시 초동면,일반제조
48270,38000,경상남도,밀양시,,무안면,경상남도 밀양시 무안면,일반제조
48270,39000,경상남도,밀양시,,청도면,경상남도 밀양시 청도면,일반제조
48270,10800,경상남도,밀양시,,가곡동,경상남도 밀양시 가곡동,일반제조
48270,10300,경상남도,밀양시,,교동,경상남도 밀양시 교동,일반제조
48270,10500,경상남도,밀양시,,남포동,경상남도 밀양시 남포동,일반제조
48270,10200,경상남도,밀양시,,내이동,경상남도 밀양시 내이동,일반제조
48270,10100,경상남도,밀양시,,내일동,경상남도 밀양시 내일동,일반제조
48270,35030,경상남도,밀양시,,단장면 범도리,경상남도 밀양시 단장면 범도리,일반제조
48270,38040,경상남도,밀양시,,무안면 고라리,경상남도 밀양시 무안면 고라리,일반제조
48270,38030,경상남도,밀양시,,무안면 운정리,경상남도 밀양시 무안면 운정리,일반제조
48270,31030,경상남도,밀양시,,부북면 대항리,경상남도 밀양시 부북면 대항리,일반제조
48270,25030,경상남도,밀양시,,삼랑진읍 임천리,경상남도 밀양시 삼랑진읍 임천리,일반제조
48270,10400,경상남도,밀양시,,삼문동,경상남도 밀양시 삼문동,일반제조
48270,10600,경상남도,밀양시,,용평동,경상남도 밀양시 용평동,일반제조
48270,37030,경상남도,밀양시,,초동면 신월리,경상남도 밀양시 초동면 신월리,일반제조
48270,10700,경상남도,밀양시,,활성동,경상남도 밀양시 활성동,일반제조
48310,31000,경상남도,거제시,,일운면,경상남도 거제시 일운면,일반제조
48310,32000,경상남도,거제시,,동부면,경상남도 거제시 동부면,일반제조
48310,33000,경상남도,거제시,,남부면,경상남도 거제시 남부면,일반제조
48310,34000,경상남도,거제시,,거제면,경상남도 거제시 거제면,일반제조
48310,35000,경상남도,거제시,,둔덕면,경상남도 거제시 둔덕면,일반제조
48310,36000,경상남도,거제시,,사등면,경상남도 거제시 사등면,일반제조
48310,37000,경상남도,거제시,,연초면,경상남도 거제시 연초면,일반제조
48310,38000,경상남도,거제시,,하청면,경상남도 거제시 하청면,일반제조
48310,39000,경상남도,거제시,,장목면,경상남도 거제시 장목면,일반제조
48310,34030,경상남도,거제시,,거제면 오수리,경상남도 거제시 거제면 오수리,일반제조
48310,10900,경상남도,거제시,,고현동,경상남도 거제시 고현동,일반제조
48310,10100,경상남도,거제시,,능포동,경상남도 거제시 능포동,일반제조
48310,10700,경상남도,거제시,,덕포동,경상남도 거제시 덕포동,일반제조
48310,10300,경상남도,거제시,,두모동,경상남도 거제시 두모동,일반제조
48310,11100,경상남도,거제시,,문동동,경상남도 거제시 문동동,일반제조
48310,11200,경상남도,거제시,,삼거동,경상남도 거제시 삼거동,일반제조
48310,11000,경상남도,거제시,,상동동,경상남도 거제시 상동동,일반제조
48310,11400,경상남도,거제시,,수월동,경상남도 거제시 수월동,일반제조
48310,10400,경상남도,거제시,,아양동,경상남도 거제시 아양동,일반제조
48310,10500,경상남도,거제시,,아주동,경상남도 거제시 아주동,일반제조
48310,11300,경상남도,거제시,,양정동,경상남도 거제시 양정동,일반제조
48310,37030,경상남도,거제시,,연초면 송정리,경상남도 거제시 연초면 송정리,일반제조
48310,10600,경상남도,거제시,,옥포동,경상남도 거제시 옥포동,일반제조
48310,39030,경상남도,거제시,,장목면 시방리,경상남도 거제시 장목면 시방리,일반제조
48330,25300,경상남도,양산시,,물금읍,경상남도 양산시 물금읍,일반제조
48330,31000,경상남도,양산시,,동면,경상남도 양산시 동면,일반제조
48330,32000,경상남도,양산시,,원동면,경상남도 양산시 원동면,일반제조
48330,33000,경상남도,양산시,,상북면,경상남도 양산시 상북면,일반제조
48330,34000,경상남도,양산시,,하북면,경상남도 양산시 하북면,일반제조
48330,11000,경상남도,양산시,,교동,경상남도 양산시 교동,일반제조
48330,10200,경상남도,양산시,,남부동,경상남도 양산시 남부동,일반제조
48330,10100,경상남도,양산시,,다방동,경상남도 양산시 다방동,일반제조
48330,12000,경상남도,양산시,,덕계동,경상남도 양산시 덕계동,일반제조
48330,12100,경상남도,양산시,,매곡동,경상남도 양산시 매곡동,일반제조
48330,10500,경상남도,양산시,,명곡동,경상남도 양산시 명곡동,일반제조
48330,11500,경상남도,양산시,,명동,경상남도 양산시 명동,일반제조
48330,10400,경상남도,양산시,,북부동,경상남도 양산시 북부동,일반제조
48330,10700,경상남도,양산시,,북정동,경상남도 양산시 북정동,일반제조
48330,10800,경상남도,양산시,,산막동,경상남도 양산시 산막동,일반제조
48330,11400,경상남도,양산시,,삼호동,경상남도 양산시 삼호동,일반제조
48330,11700,경상남도,양산시,,소주동,경상남도 양산시 소주동,일반제조
48330,10600,경상남도,양산시,,신기동,경상남도 양산시 신기동,일반제조
48330,11200,경상남도,양산시,,어곡동,경상남도 양산시 어곡동,일반제조
48330,11300,경상남도,양산시,,용당동,경상남도 양산시 용당동,일반제조
48730,25000,경상남도,함안군,,가야읍,경상남도 함안군 가야읍,일반제조
48730,25300,경상남도,함안군,,칠원읍,경상남도 함안군 칠원읍,일반제조
48730,31000,경상남도,함안군,,함안면,경상남도 함안군 함안면,일반제조
48730,32000,경상남도,함안군,,군북면,경상남도 함안군 군북면,일반제조
48730,33000,경상남도,함안군,,법수면,경상남도 함안군 법수면,일반제조
48730,34000,경상남도,함안군,,대산면,경상남도 함안군 대산면,일반제조
48730,35000,경상남도,함안군,,칠서면,경상남도 함안군 칠서면,일반제조
48730,36000,경상남도,함안군,,칠북면,경상남도 함안군 칠북면,일반제조
48730,38000,경상남도,함안군,,산인면,경상남도 함안군 산인면,일반제조
48730,39000,경상남도,함안군,,여항면,경상남도 함안군 여항면,일반제조
48730,25030,경상남도,함안군,,가야읍 묘사리,경상남도 함안군 가야읍 묘사리,일반제조
48730,32030,경상남도,함안군,,군북면 장지리,경상남도 함안군 군북면 장지리,일반제조
48730,35030,경상남도,함안군,,칠서면 청계리,경상남도 함안군 칠서면 청계리,일반제조
48730,25330,경상남도,함안군,,칠원읍 운곡리,경상남도 함안군 칠원읍 운곡리,일반제조
51110,25000,강원특별자치도,춘천시,,신북읍,강원특별자치도 춘천시 신북읍,제약_바이오
51110,31000,강원특별자치도,춘천시,,동면,강원특별자치도 춘천시 동면,제약_바이오
51110,32000,강원특별자치도,춘천시,,동산면,강원특별자치도 춘천시 동산면,제약_바이오
51110,33000,강원특별자치도,춘천시,,신동면,강원특별자치도 춘천시 신동면,제약_바이오
51110,34000,강원특별자치도,춘천시,,남면,강원특별자치도 춘천시 남면,제약_바이오
51110,35000,강원특별자치도,춘천시,,서면,강원특별자치도 춘천시 서면,제약_바이오
51110,36000,강원특별자치도,춘천시,,사북면,강원특별자치도 춘천시 사북면,제약_바이오
51110,38000,강원특별자치도,춘천시,,북산면,강원특별자치도 춘천시 북산면,제약_바이오
51110,39000,강원특별자치도,춘천시,,동내면,강원특별자치도 춘천시 동내면,제약_바이오
51110,40000,강원특별자치도,춘천시,,남산면,강원특별자치도 춘천시 남산면,제약_바이오
51110,12200,강원특별자치도,춘천시,,교동,강원특별자치도 춘천시 교동,제약_바이오
51110,11700,강원특별자치도,춘천시,,근화동,강원특별자치도 춘천시 근화동,제약_바이오
51110,10300,강원특별자치도,춘천시,,낙원동,강원특별자치도 춘천시 낙원동,제약_바이오
51110,40030,강원특별자치도,춘천시,,남산면 방하리,강원특별자치도 춘천시 남산면 방하리,제약_바이오
51110,31030,강원특별자치도,춘천시,,동면 상걸리,강원특별자치도 춘천시 동면 상걸리,제약_바이오
51110,10100,강원특별자치도,춘천시,,봉의동,강원특별자치도 춘천시 봉의동,제약_바이오
51110,38030,강원특별자치도,춘천시,,북산면 추전리,강원특별자치도 춘천시 북산면 추전리,제약_바이오
51110,11900,강원특별자치도,춘천시,,사농동,강원특별자치도 춘천시 사농동,제약_바이오
51110,36030,강원특별자치도,춘천시,,사북면 인람리,강원특별자치도 춘천시 사북면 인람리,제약_바이오
51110,12500,강원특별자치도,춘천시,,삼천동,강원특별자치도 춘천시 삼천동,제약_바이오
51110,35030,강원특별자치도,춘천시,,서면 안보리,강원특별자치도 춘천시 서면 안보리,제약_바이오
51110,12400,강원특별자치도,춘천시,,석사동,강원특별자치도 춘천시 석사동,제약_바이오
51110,11300,강원특별자치도,춘천시,,소양로1가,강원특별자치도 춘천시 소양로1가,제약_바이오
51110,11400,강원특별자치도,춘천시,,소양로2가,강원특별자치도 춘천시 소양로2가,제약_바이오
51110,11500,강원특별자치도,춘천시,,소양로3가,강원특별자치도 춘천시 소양로3가,제약_바이오
51130,25000,강원특별자치도,원주시,,문막읍,강원특별자치도 원주시 문막읍,제약_바이오
51130,31000,강원특별자치도,원주시,,소초면,강원특별자치도 원주시 소초면,제약_바이오
51130,32000,강원특별자치도,원주시,,호저면,강원특별자치도 원주시 호저면,제약_바이오
51130,33000,강원특별자치도,원주시,,지정면,강원특별자치도 원주시 지정면,제약_바이오
51130,35000,강원특별자치도,원주시,,부론면,강원특별자치도 원주시 부론면,제약_바이오
51130,36000,강원특별자치도,원주시,,귀래면,강원특별자치도 원주시 귀래면,제약_바이오
51130,37000,강원특별자치도,원주시,,흥업면,강원특별자치도 원주시 흥업면,제약_바이오
51130,38000,강원특별자치도,원주시,,판부면,강원특별자치도 원주시 판부면,제약_바이오
51130,39000,강원특별자치도,원주시,,신림면,강원특별자치도 원주시 신림면,제약_바이오
51130,11800,강원특별자치도,원주시,,가현동,강원특별자치도 원주시 가현동,제약_바이오
51130,10500,강원특별자치도,원주시,,개운동,강원특별자치도 원주시 개운동,제약_바이오
51130,11600,강원특별자치도,원주시,,관설동,강원특별자치도 원주시 관설동,제약_바이오
51130,11000,강원특별자치도,원주시,,단계동,강원특별자치도 원주시 단계동,제약_바이오
51130,10700,강원특별자치도,원주시,,단구동,강원특별자치도 원주시 단구동,제약_바이오
51130,10600,강원특별자치도,원주시,,명륜동,강원특별자치도 원주시 명륜동,제약_바이오
51130,11500,강원특별자치도,원주시,,무실동,강원특별자치도 원주시 무실동,제약_바이오
51130,25030,강원특별자치도,원주시,,문막읍 대둔리,강원특별자치도 원주시 문막읍 대둔리,제약_바이오
51130,11700,강원특별자치도,원주시,,반곡동,강원특별자치도 원주시 반곡동,제약_바이오
51130,11300,강원특별자치도,원주시,,봉산동,강원특별자치도 원주시 봉산동,제약_바이오
51130,11100,강원특별자치도,원주시,,우산동,강원특별자치도 원주시 우산동,제약_바이오
51130,10300,강원특별자치도,원주시,,원동,강원특별자치도 원주시 원동,제약_바이오
51130,10400,강원특별자치도,원주시,,인동,강원특별자치도 원주시 인동,제약_바이오
51130,10800,강원특별자치도,원주시,,일산동,강원특별자치도 원주시 일산동,제약_바이오
51130,10100,강원특별자치도,원주시,,중앙동,강원특별자치도 원주시 중앙동,제약_바이오
51730,25000,강원특별자치도,횡성군,,횡성읍,강원특별자치도 횡성군 횡성읍,식품
51730,31000,강원특별자치도,횡성군,,우천면,강원특별자치도 횡성군 우천면,식품|제약_바이오
51730,32000,강원특별자치도,횡성군,,안흥면,강원특별자치도 횡성군 안흥면,식품
51730,33000,강원특별자치도,횡성군,,둔내면,강원특별자치도 횡성군 둔내면,식품
51730,34000,강원특별자치도,횡성군,,갑천면,강원특별자치도 횡성군 갑천면,식품
51730,35000,강원특별자치도,횡성군,,청일면,강원특별자치도 횡성군 청일면,식품
51730,36000,강원특별자치도,횡성군,,공근면,강원특별자치도 횡성군 공근면,식품
51730,37000,강원특별자치도,횡성군,,서원면,강원특별자치도 횡성군 서원면,식품
51730,38000,강원특별자치도,횡성군,,강림면,강원특별자치도 횡성군 강림면,식품
51730,34030,강원특별자치도,횡성군,,갑천면 삼거리,강원특별자치도 횡성군 갑천면 삼거리,식품
51730,36030,강원특별자치도,횡성군,,공근면 창봉리,강원특별자치도 횡성군 공근면 창봉리,식품
51730,33030,강원특별자치도,횡성군,,둔내면 마암리,강원특별자치도 횡성군 둔내면 마암리,식품
51730,31030,강원특별자치도,횡성군,,우천면 백달리,강원특별자치도 횡성군 우천면 백달리,식품
51730,25030,강원특별자치도,횡성군,,횡성읍 개전리,강원특별자치도 횡성군 횡성읍 개전리,식품
51730,25040,강원특별자치도,횡성군,,횡성읍 모평리,강원특별자치도 횡성군 횡성읍 모평리,식품
51760,25000,강원특별자치도,평창군,,평창읍,강원특별자치도 평창군 평창읍,식품
51760,31000,강원특별자치도,평창군,,미탄면,강원특별자치도 평창군 미탄면,식품
51760,32000,강원특별자치도,평창군,,방림면,강원특별자치도 평창군 방림면,식품
51760,33000,강원특별자치도,평창군,,대화면,강원특별자치도 평창군 대화면,식품
51760,34000,강원특별자치도,평창군,,봉평면,강원특별자치도 평창군 봉평면,식품
51760,35000,강원특별자치도,평창군,,용평면,강원특별자치도 평창군 용평면,식품
51760,36000,강원특별자치도,평창군,,진부면,강원특별자치도 평창군 진부면,식품
51760,38000,강원특별자치도,평창군,,대관령면,강원특별자치도 평창군 대관령면,식품
51760,36030,강원특별자치도,평창군,,진부면 거문리,강원특별자치도 평창군 진부면 거문리,식품
51760,25050,강원특별자치도,평창군,,평창읍 원당리,강원특별자치도 평창군 평창읍 원당리,식품
51760,25040,강원특별자치도,평창군,,평창읍 입탄리,강원특별자치도 평창군 평창읍 입탄리,식품
51760,25030,강원특별자치도,평창군,,평창읍 지동리,강원특별자치도 평창군 평창읍 지동리,식품
52130,25000,전북특별자치도,군산시,,옥구읍,전북특별자치도 군산시 옥구읍,이차전지
52130,31000,전북특별자치도,군산시,,옥산면,전북특별자치도 군산시 옥산면,이차전지
52130,32000,전북특별자치도,군산시,,회현면,전북특별자치도 군산시 회현면,이차전지
52130,33000,전북특별자치도,군산시,,임피면,전북특별자치도 군산시 임피면,이차전지
52130,34000,전북특별자치도,군산시,,서수면,전북특별자치도 군산시 서수면,이차전지
52130,35000,전북특별자치도,군산시,,대야면,전북특별자치도 군산시 대야면,이차전지
52130,36000,전북특별자치도,군산시,,개정면,전북특별자치도 군산시 개정면,이차전지
52130,37000,전북특별자치도,군산시,,성산면,전북특별자치도 군산시 성산면,이차전지
52130,38000,전북특별자치도,군산시,,나포면,전북특별자치도 군산시 나포면,이차전지
52130,39000,전북특별자치도,군산시,,옥도면,전북특별자치도 군산시 옥도면,이차전지
52130,40000,전북특별자치도,군산시,,옥서면,전북특별자치도 군산시 옥서면,이차전지
52130,11700,전북특별자치도,군산시,,개복동,전북특별자치도 군산시 개복동,이차전지
52130,15000,전북특별자치도,군산시,,개사동,전북특별자치도 군산시 개사동,이차전지
52130,13900,전북특별자치도,군산시,,개정동,전북특별자치도 군산시 개정동,이차전지
52130,13600,전북특별자치도,군산시,,경암동,전북특별자치도 군산시 경암동,이차전지
52130,13500,전북특별자치도,군산시,,경장동,전북특별자치도 군산시 경장동,이차전지
52130,13700,전북특별자치도,군산시,,구암동,전북특별자치도 군산시 구암동,이차전지
52130,10700,전북특별자치도,군산시,,금광동,전북특별자치도 군산시 금광동,이차전지
52130,10300,전북특별자치도,군산시,,금동,전북특별자치도 군산시 금동,이차전지
52130,13100,전북특별자치도,군산시,,금암동,전북특별자치도 군산시 금암동,이차전지
52130,14400,전북특별자치도,군산시,,나운동,전북특별자치도 군산시 나운동,이차전지
52130,15200,전북특별자치도,군산시,,내초동,전북특별자치도 군산시 내초동,이차전지
52130,13800,전북특별자치도,군산시,,내흥동,전북특별자치도 군산시 내흥동,이차전지
52130,12700,전북특별자치도,군산시,,대명동,전북특별자치도 군산시 대명동,이차전지
52130,13200,전북특별자치도,군산시,,동흥남동,전북특별자치도 군산시 동흥남동,이차전지
52130,11300,전북특별자치도,군산시,,둔율동,전북특별자치도 군산시 둔율동,이차전지
52130,11500,전북특별자치도,군산시,,명산동,전북특별자치도 군산시 명산동,이차전지
52130,11000,전북특별자치도,군산시,,문화동,전북특별자치도 군산시 문화동,이차전지
52130,14500,전북특별자치도,군산시,,미룡동,전북특별자치도 군산시 미룡동,이차전지
52130,12900,전북특별자치도,군산시,,미원동,전북특별자치도 군산시 미원동,이차전지
52130,14200,전북특별자치도,군산시,,미장동,전북특별자치도 군산시 미장동,이차전지
52130,14800,전북특별자치도,군산시,,비응도동,전북특별자치도 군산시 비응도동,이차전지
52130,14000,전북특별자치도,군산시,,사정동,전북특별자치도 군산시 사정동,이차전지
52130,15100,전북특별자치도,군산시,,산북동,전북특별자치도 군산시 산북동,이차전지
52130,11100,전북특별자치도,군산시,,삼학동,전북특별자치도 군산시 삼학동,이차전지
52130,13300,전북특별자치도,군산시,,서흥남동,전북특별자치도 군산시 서흥남동,이차전지
52140,25000,전북특별자치도,익산시,,함열읍,전북특별자치도 익산시 함열읍,일반제조
52140,31000,전북특별자치도,익산시,,오산면,전북특별자치도 익산시 오산면,일반제조
52140,32000,전북특별자치도,익산시,,황등면,전북특별자치도 익산시 황등면,일반제조
52140,33000,전북특별자치도,익산시,,함라면,전북특별자치도 익산시 함라면,일반제조
52140,34000,전북특별자치도,익산시,,웅포면,전북특별자치도 익산시 웅포면,일반제조
52140,35000,전북특별자치도,익산시,,성당면,전북특별자치도 익산시 성당면,일반제조
52140,36000,전북특별자치도,익산시,,용안면,전북특별자치도 익산시 용안면,일반제조
52140,37000,전북특별자치도,익산시,,낭산면,전북특별자치도 익산시 낭산면,일반제조
52140,38000,전북특별자치도,익산시,,망성면,전북특별자치도 익산시 망성면,일반제조
52140,39000,전북특별자치도,익산시,,여산면,전북특별자치도 익산시 여산면,일반제조
52140,40000,전북특별자치도,익산시,,금마면,전북특별자치도 익산시 금마면,일반제조
52140,41000,전북특별자치도,익산시,,왕궁면,전북특별자치도 익산시 왕궁면,일반제조
52140,42000,전북특별자치도,익산시,,춘포면,전북특별자치도 익산시 춘포면,일반제조
52140,43000,전북특별자치도,익산시,,삼기면,전북특별자치도 익산시 삼기면,일반제조|제약_바이오
52140,44000,전북특별자치도,익산시,,용동면,전북특별자치도 익산시 용동면,일반제조
52140,10700,전북특별자치도,익산시,,갈산동,전북특별자치도 익산시 갈산동,일반제조
52140,12500,전북특별자치도,익산시,,금강동,전북특별자치도 익산시 금강동,일반제조
52140,11300,전북특별자치도,익산시,,남중동,전북특별자치도 익산시 남중동,일반제조
52140,12800,전북특별자치도,익산시,,덕기동,전북특별자치도 익산시 덕기동,일반제조
52140,11100,전북특별자치도,익산시,,동산동,전북특별자치도 익산시 동산동,일반제조
52140,11200,전북특별자치도,익산시,,마동,전북특별자치도 익산시 마동,일반제조
52140,11800,전북특별자치도,익산시,,만석동,전북특별자치도 익산시 만석동,일반제조
52140,11400,전북특별자치도,익산시,,모현동1가,전북특별자치도 익산시 모현동1가,일반제조
52140,11500,전북특별자치도,익산시,,모현동2가,전북특별자치도 익산시 모현동2가,일반제조
52140,11700,전북특별자치도,익산시,,목천동,전북특별자치도 익산시 목천동,일반제조
52140,13400,전북특별자치도,익산시,,부송동,전북특별자치도 익산시 부송동,일반제조
52140,13600,전북특별자치도,익산시,,석암동,전북특별자치도 익산시 석암동,일반제조
52140,12900,전북특별자치도,익산시,,석왕동,전북특별자치도 익산시 석왕동,일반제조
52140,12600,전북특별자치도,익산시,,석탄동,전북특별자치도 익산시 석탄동,일반제조
52140,11600,전북특별자치도,익산시,,송학동,전북특별자치도 익산시 송학동,일반제조
52210,25000,전북특별자치도,김제시,,만경읍,전북특별자치도 김제시 만경읍,일반제조
52210,32000,전북특별자치도,김제시,,죽산면,전북특별자치도 김제시 죽산면,일반제조
52210,33000,전북특별자치도,김제시,,백산면,전북특별자치도 김제시 백산면,일반제조
52210,34000,전북특별자치도,김제시,,용지면,전북특별자치도 김제시 용지면,일반제조
52210,35000,전북특별자치도,김제시,,백구면,전북특별자치도 김제시 백구면,일반제조
52210,36000,전북특별자치도,김제시,,부량면,전북특별자치도 김제시 부량면,일반제조
52210,38000,전북특별자치도,김제시,,공덕면,전북특별자치도 김제시 공덕면,일반제조
52210,39000,전북특별자치도,김제시,,청하면,전북특별자치도 김제시 청하면,일반제조
52210,40000,전북특별자치도,김제시,,성덕면,전북특별자치도 김제시 성덕면,일반제조
52210,41000,전북특별자치도,김제시,,진봉면,전북특별자치도 김제시 진봉면,일반제조
52210,42000,전북특별자치도,김제시,,금구면,전북특별자치도 김제시 금구면,일반제조
52210,43000,전북특별자치도,김제시,,봉남면,전북특별자치도 김제시 봉남면,일반제조
52210,44000,전북특별자치도,김제시,,황산면,전북특별자치도 김제시 황산면,일반제조
52210,45000,전북특별자치도,김제시,,금산면,전북특별자치도 김제시 금산면,일반제조
52210,46000,전북특별자치도,김제시,,광활면,전북특별자치도 김제시 광활면,일반제조
52210,11100,전북특별자치도,김제시,,갈공동,전북특별자치도 김제시 갈공동,일반제조
52210,10400,전북특별자치도,김제시,,검산동,전북특별자치도 김제시 검산동,일반제조
52210,10900,전북특별자치도,김제시,,교동,전북특별자치도 김제시 교동,일반제조
52210,42030,전북특별자치도,김제시,,금구면 청운리,전북특별자치도 김제시 금구면 청운리,일반제조
52210,45030,전북특별자치도,김제시,,금산면 청도리,전북특별자치도 김제시 금산면 청도리,일반제조
52210,11700,전북특별자치도,김제시,,난봉동,전북특별자치도 김제시 난봉동,일반제조
52210,12800,전북특별자치도,김제시,,도장동,전북특별자치도 김제시 도장동,일반제조
52210,12600,전북특별자치도,김제시,,명덕동,전북특별자치도 김제시 명덕동,일반제조
52210,35030,전북특별자치도,김제시,,백구면 영상리,전북특별자치도 김제시 백구면 영상리,일반제조
52210,33030,전북특별자치도,김제시,,백산면 석교리,전북특별자치도 김제시 백산면 석교리,일반제조
52210,10600,전북특별자치도,김제시,,백학동,전북특별자치도 김제시 백학동,일반제조
52210,11900,전북특별자치도,김제시,,복죽동,전북특별자치도 김제시 복죽동,일반제조
52210,43030,전북특별자치도,김제시,,봉남면 종덕리,전북특별자치도 김제시 봉남면 종덕리,일반제조
52210,11400,전북특별자치도,김제시,,상동동,전북특별자치도 김제시 상동동,일반제조
52210,10700,전북특별자치도,김제시,,서암동,전북특별자치도 김제시 서암동,일반제조
52710,25000,전북특별자치도,완주군,,삼례읍,전북특별자치도 완주군 삼례읍,일반제조
52710,25300,전북특별자치도,완주군,,봉동읍,전북특별자치도 완주군 봉동읍,일반제조|제약_바이오
52710,25600,전북특별자치도,완주군,,용진읍,전북특별자치도 완주군 용진읍,일반제조
52710,32000,전북특별자치도,완주군,,상관면,전북특별자치도 완주군 상관면,일반제조
52710,33000,전북특별자치도,완주군,,이서면,전북특별자치도 완주군 이서면,일반제조
52710,34000,전북특별자치도,완주군,,소양면,전북특별자치도 완주군 소양면,일반제조
52710,35000,전북특별자치도,완주군,,구이면,전북특별자치도 완주군 구이면,일반제조
52710,36000,전북특별자치도,완주군,,고산면,전북특별자치도 완주군 고산면,일반제조
52710,37000,전북특별자치도,완주군,,비봉면,전북특별자치도 완주군 비봉면,일반제조
52710,38000,전북특별자치도,완주군,,운주면,전북특별자치도 완주군 운주면,일반제조
52710,39000,전북특별자치도,완주군,,화산면,전북특별자치도 완주군 화산면,일반제조
52710,40000,전북특별자치도,완주군,,동상면,전북특별자치도 완주군 동상면,일반제조
52710,41000,전북특별자치도,완주군,,경천면,전북특별자치도 완주군 경천면,일반제조
52710,36030,전북특별자치도,완주군,,고산면 삼기리,전북특별자치도 완주군 고산면 삼기리,일반제조
52710,25330,전북특별자치도,완주군,,봉동읍 성덕리,전북특별자치도 완주군 봉동읍 성덕리,일반제조
52710,25030,전북특별자치도,완주군,,삼례읍 하리,전북특별자치도 완주군 삼례읍 하리,일반제조
52710,33030,전북특별자치도,완주군,,이서면 남계리,전북특별자치도 완주군 이서면 남계리,일반제조
52710,39030,전북특별자치도,완주군,,화산면 성북리,전북특별자치도 완주군 화산면 성북리,일반제조
43130,33500,충청북도,충주시,,대소원면,충청북도 충주시 대소원면,제약_바이오
47170,25000,경상북도,안동시,,풍산읍,경상북도 안동시 풍산읍,제약_바이오
46790,25000,전라남도,화순군,,화순읍,전라남도 화순군 화순읍,제약_바이오
41360,25300,경기도,남양주시,,진접읍,경기도 남양주시 진접읍,제약_바이오
44710,33000,충청남도,금산군,,부리면,충청남도 금산군 부리면,제약_바이오
47250,43000,경상북도,상주시,,외서면,경상북도 상주시 외서면,제약_바이오
41390,13200,경기도,시흥시,,정왕동,경기도 시흥시 정왕동,제약_바이오
51150,13400,강원특별자치도,강릉시,,대전동,강원특별자치도 강릉시 대전동,제약_바이오
11545,10100,서울특별시,금천구,,가산동,서울특별시 금천구 가산동,제약_바이오
11110,16600,서울특별시,종로구,,연건동,서울특별시 종로구 연건동,제약_바이오
